Comune,PROV,ISTAT,Zona_Climatica,Sottozona,Latitudine,Longitudine,Altitudine
ABBADIA CERRETO,LO,98001,E,6,45.31333333333333,9.595555555555556,62
ABBADIA LARIANA,LC,97001,E,2,45.901111111111106,9.334722222222222,199
ABBIATEGRASSO,MI,15002,E,5,45.39972222222222,8.916666666666666,78
ACQUAFREDDA,BS,17001,E,7,45.30777777777777,10.410555555555556,47
ACQUANEGRA CREMONESE,CR,19001,E,6,45.170833333333334,9.889999999999999,39
ACQUANEGRA SUL CHIESE,MN,20001,E,7,45.16305555555555,10.431388888888888,21
ADRARA SAN MARTINO,BG,16001,E,4,45.70111111111111,9.950555555555555,230
ADRARA SAN MARTINO,BG,16001,E,3,45.70111111111111,9.950555555555555,230
ADRARA SAN ROCCO,BG,16002,E,3,45.71555555555556,9.95861111111111,363
ADRO,BS,17002,E,7,45.62166666666667,9.960833333333333,200
AGNADELLO,CR,19002,E,6,45.445277777777775,9.557777777777778,89
AGNADELLO,CR,19002,E,5,45.445277777777775,9.557777777777778,89
AGNOSINE,BS,17003,E,3,45.651111111111106,10.353055555555555,320
AGRA,VA,12001,F,-,46.035555555555554,8.773333333333333,350
AIRUNO,LC,97002,E,4,45.75611111111111,9.425277777777778,196
ALAGNA,PV,18001,E,6,45.17055555555555,8.891388888888889,91
ALBAIRATE,MI,15005,E,5,45.4225,8.937777777777779,120
ALBAREDO PER SAN MARCO,SO,14001,F,-,46.105555555555554,9.59138888888889,573
ALBAVILLA,CO,13003,E,4,45.805,9.190277777777778,260
ALBAVILLA,CO,13003,E,2,45.805,9.190277777777778,260
ALBESE CON CASSANO,CO,13004,E,4,45.797777777777775,9.167499999999999,370
ALBINO,BG,16004,E,4,45.76083333333333,9.795277777777777,317
ALBINO,BG,16004,E,3,45.76083333333333,9.795277777777777,317
ALBIOLO,CO,13005,E,4,45.80722222222222,8.93888888888889,385
ALBIZZATE,VA,12002,E,4,45.726111111111116,8.803611111111111,287
ALBONESE,PV,18003,E,6,45.295833333333334,8.707777777777777,113
ALBOSAGGIA,SO,14002,F,-,46.151944444444446,9.86,287
ALBUZZANO,PV,18004,E,6,45.18888888888888,9.274166666666668,68
ALFIANELLO,BS,17004,E,7,45.266666666666666,10.149722222222222,38
ALGUA,BG,16248,E,3,45.831388888888895,9.720277777777778,430
ALMENNO SAN BARTOLOMEO,BG,16006,E,4,45.75083333333333,9.577777777777778,239
ALMENNO SAN BARTOLOMEO,BG,16006,E,3,45.75083333333333,9.577777777777778,239
ALMENNO SAN SALVATORE,BG,16007,E,4,45.7525,9.5875,239
ALMENNO SAN SALVATORE,BG,16007,E,3,45.7525,9.5875,239
ALSERIO,CO,13006,E,4,45.78111111111111,9.200277777777776,260
ALZANO LOMBARDO,BG,16008,E,4,45.736111111111114,9.728055555555555,275
ALZANO LOMBARDO,BG,16008,E,3,45.736111111111114,9.728055555555555,275
ALZATE BRIANZA,CO,13007,E,4,45.768055555555556,9.185,303
AMBIVERE,BG,16009,E,4,45.721111111111114,9.546666666666667,256
ANDALO VALTELLINO,SO,14003,F,-,46.135,9.473888888888888,205
ANFO,BS,17005,E,3,45.766666666666666,10.494166666666667,368
ANGERA,VA,12003,E,4,45.775277777777774,8.576666666666666,193
ANGOLO TERME,BS,17006,E,3,45.893055555555556,10.145555555555555,300
ANNICCO,CR,19003,E,7,45.24527777777778,9.881944444444445,57
ANNONE DI BRIANZA,LC,97003,E,4,45.80555555555555,9.332222222222223,224
ANTEGNATE,BG,16010,E,5,45.48583333333333,9.790833333333333,105
ANZANO DEL PARCO,CO,13009,E,4,45.77027777777778,9.199444444444445,275
APPIANO GENTILE,CO,13010,E,4,45.73555555555556,8.979722222222222,313
APRICA,SO,14004,F,-,46.151666666666664,10.136388888888888,516
APRICA,SO,14004,F,-,46.151666666666664,10.136388888888888,516
ARCENE,BG,16011,E,5,45.57666666666667,9.614166666666666,142
ARCISATE,VA,12004,E,4,45.86277777777778,8.86111111111111,310
ARCONATE,MI,15007,E,5,45.54194444444444,8.84888888888889,169
ARDENNO,SO,14005,E,1,46.17444444444444,9.651944444444444,260
ARDESIO,BG,16012,E,3,45.94027777777777,9.931111111111111,528
ARENA PO,PV,18005,E,8,45.09722222222222,9.362222222222222,57
ARENA PO,PV,18005,E,6,45.09722222222222,9.362222222222222,57
ARESE,MI,15009,E,5,45.550555555555555,9.0775,147
ARGEGNO,CO,13011,E,2,45.94361111111111,9.127222222222223,199
ARLUNO,MI,15010,E,5,45.506388888888885,8.942222222222222,145
AROSIO,CO,13012,E,4,45.71888888888889,9.208888888888888,260
ARSAGO SEPRIO,VA,12005,E,4,45.69083333333333,8.733888888888888,255
ARTOGNE,BS,17007,E,3,45.85305555555556,10.167222222222222,203
ASOLA,MN,20002,E,7,45.22138888888889,10.413055555555555,31
ASSAGO,MI,15011,E,5,45.40694444444444,9.132222222222223,102
ASSO,CO,13013,E,4,45.864444444444445,9.269722222222223,365
ASSO,CO,13013,E,2,45.864444444444445,9.269722222222223,365
AVERARA,BG,16014,E,3,45.98833333333334,9.634166666666665,592
AVIATICO,BG,16015,F,-,45.80305555555555,9.771666666666668,370
AZZANELLO,CR,19004,E,7,45.31527777777777,9.920277777777777,50
AZZANELLO,CR,19004,E,6,45.31527777777777,9.920277777777777,50
AZZANO MELLA,BS,17008,E,7,45.45611111111111,10.1175,84
AZZANO SAN PAOLO,BG,16016,E,5,45.66166666666666,9.673888888888888,216
AZZANO SAN PAOLO,BG,16016,E,4,45.66166666666666,9.673888888888888,216
AZZATE,VA,12006,E,4,45.780277777777776,8.793055555555556,238
AZZIO,VA,12007,E,4,45.886944444444445,8.709722222222222,275
AZZIO,VA,12007,E,2,45.886944444444445,8.709722222222222,275
AZZONE,BG,16017,F,-,45.97916666666667,10.115,600
BADIA PAVESE,PV,18006,E,6,45.12305555555555,9.468055555555555,53
BAGNARIA,PV,18007,E,8,44.82805555555556,9.124444444444444,279
BAGNATICA,BG,16018,E,5,45.66416666666667,9.7825,197
BAGNATICA,BG,16018,E,4,45.66416666666667,9.7825,197
BAGNOLO CREMASCO,CR,19005,E,6,45.361666666666665,9.609722222222222,69
BAGNOLO MELLA,BS,17009,E,7,45.43055555555555,10.180277777777777,73
BAGNOLO SAN VITO,MN,20003,E,7,45.094166666666666,10.881388888888889,13
BAGOLINO,BS,17010,F,-,45.825,10.464444444444444,368
BALLABIO,LC,97004,F,-,45.89416666666666,9.423888888888888,568
BARASSO,VA,12008,E,4,45.84111111111111,8.755833333333333,290
BARASSO,VA,12008,E,2,45.84111111111111,8.755833333333333,290
BARBARIGA,BS,17011,E,7,45.407222222222224,10.053333333333335,74
BARBATA,BG,16019,E,6,45.475833333333334,9.77638888888889,92
BARBATA,BG,16019,E,5,45.475833333333334,9.77638888888889,92
BARBIANELLO,PV,18008,E,6,45.07777777777778,9.205555555555556,63
BAREGGIO,MI,15012,E,5,45.47777777777778,8.99611111111111,132
BARGHE,BS,17012,E,3,45.680277777777775,10.406666666666666,277
BARIANO,BG,16020,E,5,45.5125,9.705833333333333,110
BARNI,CO,13015,E,2,45.9125,9.266111111111112,587
BARZAGO,LC,97005,E,4,45.75694444444444,9.315555555555557,274
BARZANA,BG,16021,E,4,45.73777777777778,9.565833333333334,262
BARZIO,LC,97007,F,-,45.948611111111106,9.467777777777778,591
BASIANO,MI,15014,E,5,45.57527777777778,9.468333333333334,154
BASIGLIO,MI,15015,E,5,45.350833333333334,9.165000000000001,95
BASSANO BRESCIANO,BS,17013,E,7,45.32638888888889,10.130277777777778,59
BASTIDA PANCARANA,PV,18011,E,6,45.08833333333334,9.082222222222223,61
BATTUDA,PV,18012,E,6,45.27638888888889,9.075277777777778,93
BEDERO VALCUVIA,VA,12010,E,2,45.914722222222224,8.794166666666667,348
BEDIZZOLE,BS,17014,E,7,45.51166666666666,10.421388888888888,135
BEDULITA,BG,16022,E,3,45.79694444444444,9.545277777777777,350
BELGIOIOSO,PV,18013,E,6,45.16138888888889,9.313611111111111,55
BELLAGIO,CO,13250,E,2,45.98916666666667,9.26361111111111,199
BELLANO,LC,97008,E,2,46.044444444444444,9.303611111111111,199
BELLINZAGO LOMBARDO,MI,15016,E,5,45.53972222222222,9.447222222222223,126
BEMA,SO,14006,F,-,46.11138888888889,9.565555555555557,344
BENE LARIO,CO,13021,E,2,46.030277777777776,9.184722222222222,276
BERBENNO,BG,16023,F,-,45.81583333333333,9.567499999999999,350
BERBENNO DI VALTELLINA,SO,14007,E,1,46.17111111111111,9.741666666666665,258
BEREGAZZO CON FIGLIARO,CO,13022,E,4,45.780833333333334,8.946111111111112,390
BEREGUARDO,PV,18014,E,6,45.25888888888889,9.025277777777779,68
BERGAMO,BG,16024,E,4,45.70027777777778,9.668888888888889,211
BERLINGO,BS,17015,E,7,45.503055555555555,10.0375,118
BERNATE TICINO,MI,15019,E,5,45.4775,8.816944444444443,112
BERTONICO,LO,98002,E,6,45.236666666666665,9.67,48
BERZO DEMO,BS,17016,F,-,46.095,10.333055555555555,440
BERZO INFERIORE,BS,17017,E,3,45.93444444444444,10.280000000000001,300
BERZO SAN FERMO,BG,16025,E,3,45.72027777777778,9.897499999999999,300
BESANO,VA,12011,E,4,45.88972222222222,8.889166666666666,271
BESATE,MI,15022,E,5,45.31222222222222,8.967777777777778,75
BESNATE,VA,12012,E,4,45.70111111111111,8.765555555555556,265
BESOZZO,VA,12013,E,4,45.85,8.66861111111111,193
BIANDRONNO,VA,12014,E,4,45.82222222222222,8.711388888888887,235
BIANZANO,BG,16026,E,3,45.775277777777774,9.921111111111111,475
BIANZONE,SO,14008,E,1,46.18888888888888,10.1075,378
BIENNO,BS,17018,E,3,45.93555555555555,10.298333333333334,375
BINAGO,CO,13023,E,4,45.78583333333333,8.921111111111111,370
BINASCO,MI,15024,E,5,45.33388888888889,9.102777777777778,98
BIONE,BS,17019,F,-,45.67583333333333,10.34138888888889,341
BISUSCHIO,VA,12015,E,4,45.87583333333333,8.87138888888889,325
BIZZARONE,CO,13024,E,4,45.83694444444445,8.942777777777778,348
BLELLO,BG,16027,F,-,45.83722222222222,9.567499999999999,500
BLESSAGNO,CO,13025,F,-,45.96055555555556,9.0975,675
BLEVIO,CO,13026,E,4,45.84305555555556,9.106666666666666,199
BLEVIO,CO,13026,E,2,45.84305555555556,9.106666666666666,199
BODIO LOMNAGO,VA,12016,E,4,45.78388888888889,8.751944444444444,238
BOFFALORA SOPRA TICINO,MI,15026,E,5,45.467777777777776,8.832222222222223,107
BOLGARE,BG,16028,E,5,45.63472222222222,9.815000000000001,170
BOLGARE,BG,16028,E,4,45.63472222222222,9.815000000000001,170
BOLLATE,MI,15027,E,5,45.545833333333334,9.117777777777778,140
BOLTIERE,BG,16029,E,5,45.600833333333334,9.58,159
BONATE SOPRA,BG,16030,E,4,45.683055555555555,9.55888888888889,195
BONATE SOTTO,BG,16031,E,5,45.6675,9.561666666666667,177
BONATE SOTTO,BG,16031,E,4,45.6675,9.561666666666667,177
BONEMERSE,CR,19006,E,7,45.11388888888889,10.079722222222221,35
BORDOLANO,CR,19007,E,7,45.29388888888889,9.987222222222222,45
BORGARELLO,PV,18015,E,6,45.2425,9.143055555555556,86
BORGHETTO LODIGIANO,LO,98004,E,6,45.21527777777778,9.5,60
BORGO DI TERZO,BG,16032,E,3,45.723333333333336,9.892222222222221,290
BORGO PRIOLO,PV,18016,E,8,44.967222222222226,9.149166666666666,104
BORGO SAN GIACOMO,BS,17020,E,7,45.350833333333334,9.96888888888889,46
BORGO SAN GIOVANNI,LO,98005,E,6,45.28055555555555,9.433333333333334,68
BORGO SAN SIRO,PV,18018,E,6,45.23722222222222,8.913333333333334,70
BORGORATTO MORMOROLO,PV,18017,F,-,44.9325,9.193611111111112,177
BORGOSATOLLO,BS,17021,E,7,45.47777777777778,10.241388888888888,105
BORMIO,SO,14009,F,-,46.46888888888889,10.371944444444445,1152
BORNASCO,PV,18019,E,6,45.269999999999996,9.219722222222222,77
BORNASCO,PV,18019,E,5,45.269999999999996,9.219722222222222,77
BORNO,BS,17022,F,-,45.94888888888889,10.2075,605
BOSISIO PARINI,LC,97009,E,4,45.803888888888885,9.290277777777778,258
BOSNASCO,PV,18020,E,8,45.06638888888889,9.359166666666667,84
BOSNASCO,PV,18020,E,6,45.06638888888889,9.359166666666667,84
BOSSICO,BG,16033,F,-,45.82944444444445,10.0425,600
BOTTANUCO,BG,16034,E,4,45.64138888888889,9.504444444444445,148
BOTTICINO,BS,17023,E,7,45.54555555555555,10.322222222222223,137
BOTTICINO,BS,17023,E,3,45.54555555555555,10.322222222222223,137
BOVEGNO,BS,17024,F,-,45.79555555555555,10.273611111111112,521
BOVEZZO,BS,17025,E,7,45.59444444444445,10.244444444444444,184
BOVEZZO,BS,17025,E,3,45.59444444444445,10.244444444444444,184
BOZZOLO,MN,20007,E,7,45.10416666666667,10.484166666666665,21
BRACCA,BG,16035,E,3,45.82611111111112,9.707777777777777,350
BRALLO DI PREGOLA,PV,18021,F,-,44.73972222222222,9.28138888888889,375
BRANDICO,BS,17026,E,7,45.455000000000005,10.052777777777779,92
BRANZI,BG,16036,F,-,46.00611111111111,9.760555555555555,780
BRAONE,BS,17027,E,3,45.99055555555556,10.345277777777778,294
BREBBIA,VA,12017,E,4,45.82972222222222,8.649444444444445,193
BREGNANO,CO,13028,E,4,45.69833333333333,9.060833333333335,249
BREMBATE,BG,16037,E,5,45.60444444444445,9.556666666666667,139
BREMBATE DI SOPRA,BG,16038,E,4,45.72083333333334,9.584444444444445,221
BREMBIO,LO,98006,E,6,45.21611111111111,9.571388888888889,60
BREME,PV,18022,E,6,45.12833333333333,8.623333333333333,95
BRENNA,CO,13029,E,4,45.745,9.186666666666667,287
BRENO,BS,17028,F,-,45.9575,10.303055555555556,294
BRENTA,VA,12019,E,4,45.894444444444446,8.68388888888889,250
BRENTA,VA,12019,E,2,45.894444444444446,8.68388888888889,250
BRESCIA,BS,17029,E,7,45.54083333333333,10.220555555555556,104
BRESCIA,BS,17029,E,3,45.54083333333333,10.220555555555556,104
BRESSANA BOTTARONE,PV,18023,E,6,45.07972222222222,9.134444444444444,62
BRESSO,MI,15032,E,5,45.538333333333334,9.188333333333334,140
BREZZO DI BEDERO,VA,12020,E,2,45.980000000000004,8.718333333333334,193
BRIENNO,CO,13030,E,2,45.91361111111111,9.131944444444445,199
BRINZIO,VA,12021,E,4,45.89055555555556,8.789444444444444,400
BRINZIO,VA,12021,E,2,45.89055555555556,8.789444444444444,400
BRIONE,BS,17030,F,-,45.64083333333333,10.142222222222221,320
BRIONE,BS,17030,F,-,45.64083333333333,10.142222222222221,320
BRIVIO,LC,97010,E,4,45.742222222222225,9.4475,194
BRONI,PV,18024,E,8,45.06388888888888,9.262222222222222,62
BRONI,PV,18024,E,6,45.06388888888888,9.262222222222222,62
BRUMANO,BG,16041,F,-,45.85638888888889,9.5,677
BRUNATE,CO,13032,E,4,45.821111111111115,9.097222222222223,562
BRUNELLO,VA,12023,E,4,45.766666666666666,8.795833333333333,337
BRUSAPORTO,BG,16042,E,4,45.67361111111111,9.760555555555555,223
BRUSIMPIANO,VA,12024,E,2,45.9475,8.889722222222222,271
BUBBIANO,MI,15035,E,6,45.328611111111115,9.014722222222222,100
BUBBIANO,MI,15035,E,5,45.328611111111115,9.014722222222222,100
BUCCINASCO,MI,15036,E,5,45.42361111111111,9.108055555555556,105
BUGLIO IN MONTE,SO,14010,F,-,46.18583333333333,9.675555555555555,262
BUGUGGIATE,VA,12025,E,4,45.7875,8.804722222222223,238
BULCIAGO,LC,97011,E,4,45.75472222222222,9.289444444444444,277
BULGAROGRASSO,CO,13034,E,4,45.75055555555556,9.011111111111111,308
BUSCATE,MI,15038,E,5,45.54555555555555,8.813611111111111,167
BUSSERO,MI,15040,E,5,45.538888888888884,9.373055555555556,134
BUSTO ARSIZIO,VA,12026,E,5,45.61333333333334,8.846388888888889,194
BUSTO ARSIZIO,VA,12026,E,4,45.61333333333334,8.846388888888889,194
BUSTO GAROLFO,MI,15041,E,5,45.546388888888885,8.885,168
CABIATE,CO,13035,E,4,45.676944444444445,9.167499999999999,230
CADORAGO,CO,13036,E,4,45.72694444444445,9.038611111111111,269
CAGLIO,CO,13037,F,-,45.87277777777778,9.238333333333333,623
CAINO,BS,17031,E,3,45.61388888888889,10.317777777777778,307
CAIOLO,SO,14011,F,-,46.151944444444446,9.821666666666667,278
CAIOLO,SO,14011,F,-,46.151944444444446,9.821666666666667,278
CAIRATE,VA,12029,E,4,45.69277777777778,8.8725,233
CALCINATE,BG,16043,E,5,45.61972222222222,9.798055555555555,168
CALCINATE,BG,16043,E,4,45.61972222222222,9.798055555555555,168
CALCINATO,BS,17032,E,7,45.45611111111111,10.413611111111111,108
CALCIO,BG,16044,E,7,45.50833333333333,9.85388888888889,105
CALCIO,BG,16044,E,5,45.50833333333333,9.85388888888889,105
CALCO,LC,97012,E,4,45.72805555555556,9.420555555555556,193
CALOLZIOCORTE,LC,97013,E,4,45.80361111111111,9.433333333333334,198
CALVAGESE DELLA RIVIERA,BS,17033,E,7,45.54222222222222,10.447222222222223,157
CALVATONE,CR,19009,E,7,45.129444444444445,10.439444444444444,21
CALVENZANO,BG,16047,E,6,45.495,9.600555555555555,106
CALVENZANO,BG,16047,E,5,45.495,9.600555555555555,106
CALVIGNANO,PV,18025,E,8,44.98444444444444,9.168888888888889,124
CALVIGNASCO,MI,15042,E,5,45.327222222222225,9.026666666666667,104
CALVISANO,BS,17034,E,7,45.349722222222226,10.345,57
CAMBIAGO,MI,15044,E,5,45.57416666666667,9.425833333333333,148
CAMERATA CORNELLO,BG,16048,E,3,45.903888888888886,9.653333333333334,428
CAMISANO,CR,19010,E,6,45.44444444444444,9.744444444444444,90
CAMISANO,CR,19010,E,5,45.44444444444444,9.744444444444444,90
CAMPAGNOLA CREMASCA,CR,19011,E,6,45.39888888888889,9.669722222222221,80
CAMPODOLCINO,SO,14012,F,-,46.40611111111111,9.353333333333333,947
CANDIA LOMELLINA,PV,18027,E,6,45.17638888888889,8.594722222222222,98
CANEGRATE,MI,15046,E,5,45.57083333333334,8.929722222222221,182
CANNETO PAVESE,PV,18029,E,8,45.051944444444445,9.279166666666667,100
CANNETO PAVESE,PV,18029,E,6,45.051944444444445,9.279166666666667,100
CANTELLO,VA,12030,E,4,45.82138888888889,8.893333333333333,310
CANZO,CO,13042,E,4,45.8525,9.275833333333335,354
CANZO,CO,13042,E,2,45.8525,9.275833333333335,354
CAPERGNANICA,CR,19012,E,6,45.33722222222222,9.643888888888888,72
CAPIAGO INTIMIANO,CO,13043,E,4,45.77638888888889,9.123055555555556,330
CAPIZZONE,BG,16050,E,3,45.78527777777778,9.568055555555555,307
CAPO DI PONTE,BS,17035,E,3,46.03194444444444,10.345277777777778,350
CAPOVALLE,BS,17036,F,-,45.755,10.5475,500
CAPPELLA CANTONE,CR,19013,E,7,45.2475,9.839444444444444,46
CAPPELLA CANTONE,CR,19013,E,6,45.2475,9.839444444444444,46
CAPRALBA,CR,19015,E,6,45.44583333333333,9.64611111111111,83
CAPRALBA,CR,19015,E,5,45.44583333333333,9.64611111111111,83
CAPRIANO DEL COLLE,BS,17037,E,7,45.45611111111111,10.13,80
CAPRIATE SAN GERVASIO,BG,16051,E,5,45.60944444444445,9.529722222222222,131
CAPRINO BERGAMASCO,BG,16052,E,4,45.7475,9.481666666666667,260
CAPRIOLO,BS,17038,E,7,45.6375,9.935277777777777,162
CAPRIOLO,BS,17038,E,4,45.6375,9.935277777777777,162
CARATE URIO,CO,13044,E,2,45.87416666666667,9.126111111111111,199
CARAVAGGIO,BG,16053,E,6,45.4975,9.643888888888888,92
CARAVAGGIO,BG,16053,E,5,45.4975,9.643888888888888,92
CARAVATE,VA,12031,E,4,45.87916666666667,8.650833333333333,222
CARAVATE,VA,12031,E,2,45.87916666666667,8.650833333333333,222
CARBONARA AL TICINO,PV,18030,E,6,45.16833333333333,9.063055555555556,60
CARBONATE,CO,13045,E,4,45.68527777777778,8.94138888888889,256
CARDANO AL CAMPO,VA,12032,E,4,45.64527777777778,8.772777777777778,222
CARENNO,LC,97014,E,4,45.80361111111111,9.461388888888887,460
CARENNO,LC,97014,E,3,45.80361111111111,9.461388888888887,460
CARIMATE,CO,13046,E,4,45.703611111111115,9.115277777777777,238
CARLAZZO,CO,13047,E,2,46.05083333333333,9.154166666666667,276
CARNAGO,VA,12033,E,4,45.72527777777778,8.834444444444445,310
CAROBBIO DEGLI ANGELI,BG,16055,E,5,45.67111111111111,9.836388888888889,208
CAROBBIO DEGLI ANGELI,BG,16055,E,4,45.67111111111111,9.836388888888889,208
CARONA,BG,16056,F,-,46.02166666666667,9.779166666666667,1025
CARONNO PERTUSELLA,VA,12034,E,4,45.599722222222226,9.044444444444444,180
CARONNO VARESINO,VA,12035,E,4,45.74,8.830833333333333,299
CARPENEDOLO,BS,17039,E,7,45.36388888888889,10.431388888888888,57
CARPIANO,MI,15050,E,6,45.34305555555556,9.271944444444445,88
CARPIANO,MI,15050,E,5,45.34305555555556,9.271944444444445,88
CARUGATE,MI,15051,E,5,45.55138888888889,9.339722222222223,141
CARUGO,CO,13048,E,4,45.71277777777778,9.196666666666667,256
CARVICO,BG,16057,E,4,45.70611111111111,9.481111111111112,255
CASALBUTTANO ED UNITI,CR,19016,E,7,45.25222222222222,9.965833333333332,53
CASALE LITTA,VA,12036,E,4,45.76861111111111,8.73861111111111,239
CASALETTO CEREDANO,CR,19018,E,6,45.32,9.619444444444445,58
CASALETTO DI SOPRA,CR,19019,E,6,45.42055555555555,9.78361111111111,85
CASALETTO DI SOPRA,CR,19019,E,5,45.42055555555555,9.78361111111111,85
CASALETTO LODIGIANO,LO,98008,E,6,45.29527777777778,9.361666666666666,78
CASALETTO VAPRIO,CR,19020,E,6,45.409444444444446,9.629444444444445,83
CASALMAGGIORE,CR,19021,E,7,44.98833333333334,10.415833333333333,17
CASALMAIOCCO,LO,98009,E,6,45.35527777777778,9.372222222222224,86
CASALMORANO,CR,19022,E,7,45.288333333333334,9.898333333333333,61
CASALMORANO,CR,19022,E,6,45.288333333333334,9.898333333333333,61
CASALMORO,MN,20010,E,7,45.26111111111111,10.405277777777778,40
CASALOLDO,MN,20011,E,7,45.25555555555555,10.478333333333333,40
CASALPUSTERLENGO,LO,98010,E,6,45.18277777777777,9.649166666666666,60
CASALROMANO,MN,20012,E,7,45.200833333333335,10.369444444444445,31
CASALZUIGNO,VA,12037,E,2,45.9075,8.711944444444443,264
CASANOVA LONATI,PV,18031,E,6,45.096111111111114,9.212499999999999,62
CASARGO,LC,97015,F,-,46.04111111111111,9.387777777777778,593
CASARILE,MI,15055,E,5,45.31916666666667,9.104444444444445,96
CASATENOVO,LC,97016,E,4,45.6975,9.311944444444444,240
CASATISMA,PV,18032,E,6,45.04944444444444,9.129166666666666,69
CASAZZA,BG,16058,E,3,45.75333333333333,9.908333333333333,318
CASCIAGO,VA,12038,E,4,45.836111111111116,8.783333333333333,250
CASEI GEROLA,PV,18033,E,6,45.0075,8.927222222222222,71
CASELLE LANDI,LO,98011,E,6,45.10305555555556,9.793888888888889,40
CASELLE LURANI,LO,98012,E,6,45.28138888888889,9.356944444444444,78
CASNATE CON BERNATE,CO,13053,E,4,45.755833333333335,9.074166666666667,266
CASNIGO,BG,16060,E,3,45.81916666666667,9.866666666666667,380
CASORATE PRIMO,PV,18034,E,6,45.31333333333333,9.019722222222223,99
CASORATE SEMPIONE,VA,12039,E,4,45.67388888888889,8.740555555555554,228
CASOREZZO,MI,15058,E,5,45.52444444444444,8.903611111111111,161
CASPOGGIO,SO,14013,F,-,46.26638888888889,9.865277777777777,850
CASSAGO BRIANZA,LC,97017,E,4,45.74,9.294722222222221,275
CASSANO MAGNAGO,VA,12040,E,4,45.67722222222222,8.827222222222222,242
CASSANO VALCUVIA,VA,12041,E,2,45.93416666666666,8.768333333333334,240
CASSIGLIO,BG,16061,E,3,45.968611111111116,9.612222222222222,590
CASSINA RIZZARDI,CO,13055,E,4,45.75333333333333,9.033888888888889,300
CASSINA VALSASSINA,LC,97018,F,-,45.93416666666666,9.479722222222222,712
CASSINETTA DI LUGAGNANO,MI,15061,E,5,45.42472222222222,8.906944444444445,120
CASSOLNOVO,PV,18035,E,6,45.364444444444445,8.811111111111112,90
CASTANA,PV,18036,E,8,45.028888888888886,9.270555555555557,107
CASTANO PRIMO,MI,15062,E,5,45.55277777777778,8.780555555555557,136
CASTANO PRIMO,MI,15062,E,4,45.55277777777778,8.780555555555557,136
CASTEGGIO,PV,18037,E,6,45.015277777777776,9.125555555555556,78
CASTEGNATO,BS,17040,E,7,45.56388888888888,10.118333333333334,123
CASTEL GABBIANO,CR,19024,E,6,45.47,9.716111111111111,95
CASTEL GOFFREDO,MN,20015,E,7,45.29944444444444,10.476111111111111,45
CASTEL MELLA,BS,17042,E,7,45.4975,10.144444444444444,98
CASTEL ROZZONE,BG,16063,E,5,45.55555555555555,9.625,134
CASTELBELFORTE,MN,20013,E,7,45.21527777777778,10.891666666666666,26
CASTELCOVATI,BS,17041,E,7,45.50111111111111,9.944166666666668,112
CASTELDIDONE,CR,19023,E,7,45.06944444444445,10.405833333333334,24
CASTELLANZA,VA,12042,E,4,45.61277777777778,8.900833333333333,205
CASTELLEONE,CR,19025,E,6,45.29694444444444,9.765277777777778,51
CASTELLETTO DI BRANDUZZO,PV,18038,E,6,45.07194444444445,9.09888888888889,65
CASTELLI CALEPIO,BG,16062,E,7,45.64083333333333,9.902777777777779,156
CASTELLI CALEPIO,BG,16062,E,4,45.64083333333333,9.902777777777779,156
CASTELLO CABIAGLIO,VA,12043,E,4,45.89472222222222,8.755555555555556,363
CASTELLO CABIAGLIO,VA,12043,E,2,45.89472222222222,8.755555555555556,363
CASTELLO DI BRIANZA,LC,97019,E,4,45.75972222222222,9.346388888888889,277
CASTELLUCCHIO,MN,20016,E,7,45.150277777777774,10.646388888888888,20
CASTELMARTE,CO,13058,E,4,45.83416666666667,9.232777777777779,324
CASTELMARTE,CO,13058,E,2,45.83416666666667,9.232777777777779,324
CASTELNOVETTO,PV,18040,E,6,45.255,8.612499999999999,105
CASTELNUOVO BOZZENTE,CO,13059,E,4,45.764722222222225,8.941666666666666,390
CASTELSEPRIO,VA,12044,E,4,45.7175,8.862777777777778,241
CASTELVECCANA,VA,12045,E,4,45.95055555555556,8.66638888888889,193
CASTELVECCANA,VA,12045,E,2,45.95055555555556,8.66638888888889,193
CASTELVERDE,CR,19026,E,7,45.18805555555555,9.99472222222222,45
CASTELVISCONTI,CR,19027,E,7,45.3075,9.942222222222222,51
CASTENEDOLO,BS,17043,E,7,45.47222222222222,10.301666666666668,107
CASTIGLIONE DELLE STIVIERE,MN,20017,E,7,45.390277777777776,10.488055555555555,61
CASTIGLIONE OLONA,VA,12046,E,4,45.756388888888885,8.866388888888888,254
CASTIONE ANDEVENNO,SO,14015,E,1,46.175555555555555,9.801111111111112,278
CASTIONE DELLA PRESOLANA,BG,16064,F,-,45.90861111111111,10.034166666666666,690
CASTIRAGA VIDARDO,LO,98015,E,6,45.259166666666665,9.405833333333334,65
CASTO,BS,17044,E,3,45.69694444444444,10.318888888888889,329
CASTREZZATO,BS,17045,E,7,45.513333333333335,9.978055555555555,114
CASTRO,BG,16065,E,3,45.80416666666667,10.065555555555557,185
CASTRONNO,VA,12047,E,4,45.74861111111111,8.814166666666667,315
CAVA MANARA,PV,18041,E,6,45.14222222222222,9.11,61
CAVARGNA,CO,13062,F,-,46.093333333333334,9.114166666666666,764
CAVARIA CON PREMEZZO,VA,12048,E,4,45.69888888888889,8.805000000000001,257
CAVERNAGO,BG,16066,E,5,45.630833333333335,9.766388888888889,177
CAVRIANA,MN,20018,E,7,45.3525,10.601666666666667,43
CAZZAGO BRABBIA,VA,12049,E,4,45.79944444444444,8.732222222222223,238
CAZZAGO SAN MARTINO,BS,17046,E,7,45.58222222222223,10.025,133
CECIMA,PV,18042,E,8,44.85277777777778,9.081111111111111,231
CEDEGOLO,BS,17047,E,3,46.078611111111115,10.349444444444446,373
CEDRASCO,SO,14016,F,-,46.15083333333333,9.768055555555556,273
CEDRASCO,SO,14016,F,-,46.15083333333333,9.768055555555556,273
CELLA DATI,CR,19028,E,7,45.096111111111114,10.2225,31
CELLATICA,BS,17048,E,7,45.58777777777778,10.180277777777777,127
CELLATICA,BS,17048,E,3,45.58777777777778,10.180277777777777,127
CENATE SOPRA,BG,16068,E,3,45.711666666666666,9.826666666666666,276
CENATE SOTTO,BG,16069,E,4,45.69972222222222,9.824166666666667,247
CENE,BG,16070,E,3,45.780833333333334,9.82611111111111,340
CERANOVA,PV,18043,E,6,45.26222222222222,9.241944444444444,81
CERCINO,SO,14017,E,1,46.15972222222222,9.508333333333333,208
CERESARA,MN,20019,E,7,45.26611111111111,10.569166666666666,34
CERETE,BG,16071,E,3,45.86361111111111,9.991666666666665,429
CERETTO LOMELLINA,PV,18044,E,6,45.246944444444445,8.673055555555555,107
CERGNAGO,PV,18045,E,6,45.2,8.773333333333333,100
CERMENATE,CO,13064,E,4,45.69972222222222,9.07861111111111,245
CERNOBBIO,CO,13065,E,4,45.8425,9.077222222222222,199
CERNOBBIO,CO,13065,E,2,45.8425,9.077222222222222,199
CERNUSCO LOMBARDONE,LC,97020,E,4,45.693888888888885,9.399444444444445,242
CERNUSCO SUL NAVIGLIO,MI,15070,E,5,45.52583333333333,9.331111111111111,123
CERRO AL LAMBRO,MI,15071,E,6,45.33388888888889,9.34388888888889,81
CERRO AL LAMBRO,MI,15071,E,5,45.33388888888889,9.34388888888889,81
CERRO MAGGIORE,MI,15072,E,5,45.59388888888889,8.949722222222222,167
CERRO MAGGIORE,MI,15072,E,4,45.59388888888889,8.949722222222222,167
CERTOSA DI PAVIA,PV,18046,E,6,45.25416666666667,9.129444444444445,88
CERVENO,BS,17049,E,3,46.004444444444445,10.325555555555555,323
CERVESINA,PV,18047,E,6,45.064166666666665,9.016944444444444,68
CESANA BRIANZA,LC,97021,E,4,45.81916666666667,9.300555555555556,258
CESANO BOSCONE,MI,15074,E,5,45.44888888888889,9.092222222222222,116
CESATE,MI,15076,E,5,45.59805555555556,9.078055555555554,184
CETO,BS,17050,E,3,46.00388888888889,10.351388888888888,323
CEVO,BS,17051,F,-,46.081388888888895,10.371944444444445,426
CHIARI,BS,17052,E,7,45.536944444444444,9.929166666666665,118
CHIAVENNA,SO,14018,E,1,46.32138888888889,9.401944444444444,286
CHIESA IN VALMALENCO,SO,14019,F,-,46.264722222222225,9.8475,916
CHIEVE,CR,19029,E,6,45.34111111111111,9.615,67
CHIGNOLO PO,PV,18048,E,6,45.155277777777776,9.490277777777777,51
CHIUDUNO,BG,16073,E,5,45.65138888888889,9.850277777777777,199
CHIUDUNO,BG,16073,E,4,45.65138888888889,9.850277777777777,199
CHIURO,SO,14020,E,1,46.17333333333333,9.989722222222222,349
CICOGNOLO,CR,19030,E,7,45.16444444444444,10.196111111111112,39
CIGOGNOLA,PV,18049,E,8,45.03527777777778,9.24611111111111,77
CIGOGNOLA,PV,18049,E,6,45.03527777777778,9.24611111111111,77
CIGOLE,BS,17053,E,7,45.309444444444445,10.193888888888889,48
CILAVEGNA,PV,18050,E,6,45.3125,8.743333333333332,108
CIMBERGO,BS,17054,F,-,46.02472222222222,10.364444444444445,463
CINISELLO BALSAMO,MI,15077,E,5,45.5575,9.213055555555554,146
CINO,SO,14021,F,-,46.16,9.486388888888888,325
CIRIMIDO,CO,13068,E,4,45.70138888888889,9.013055555555555,261
CISANO BERGAMASCO,BG,16074,E,4,45.74527777777778,9.473888888888888,194
CISERANO,BG,16075,E,5,45.58722222222222,9.6025,153
CISLAGO,VA,12050,E,5,45.66027777777778,8.971944444444444,225
CISLAGO,VA,12050,E,4,45.66027777777778,8.971944444444444,225
CISLIANO,MI,15078,E,5,45.44638888888888,8.988055555555555,118
CITTIGLIO,VA,12051,E,4,45.9,8.661388888888888,218
CITTIGLIO,VA,12051,E,2,45.9,8.661388888888888,218
CIVATE,LC,97022,E,4,45.82833333333333,9.343611111111112,224
CIVIDATE AL PIANO,BG,16076,E,7,45.55638888888888,9.835,125
CIVIDATE AL PIANO,BG,16076,E,5,45.55638888888888,9.835,125
CIVIDATE CAMUNO,BS,17055,E,3,45.943888888888885,10.27888888888889,250
CIVO,SO,14022,F,-,46.15888888888889,9.581111111111111,237
CLAINO CON OSTENO,CO,13071,E,2,46.0075,9.083333333333334,271
CLIVIO,VA,12052,E,4,45.86527777777778,8.93,395
CLUSONE,BG,16077,E,3,45.891666666666666,9.946111111111112,475
COCCAGLIO,BS,17056,E,7,45.56527777777777,9.978333333333333,138
CODEVILLA,PV,18051,E,8,44.96416666666667,9.061388888888889,90
CODOGNO,LO,98019,E,6,45.16222222222222,9.705555555555556,56
COLERE,BG,16078,F,-,45.97555555555556,10.083055555555555,600
COLICO,LC,97023,E,2,46.13722222222222,9.371666666666668,199
COLICO,LC,97023,E,1,46.13722222222222,9.371666666666668,199
COLLE BRIANZA,LC,97024,E,4,45.76444444444444,9.363888888888889,378
COLLEBEATO,BS,17057,E,7,45.583333333333336,10.213333333333333,168
COLLEBEATO,BS,17057,E,3,45.583333333333336,10.213333333333333,168
COLLIO,BS,17058,F,-,45.81083333333333,10.334444444444445,677
COLOGNE,BS,17059,E,7,45.586111111111116,9.944166666666668,162
COLOGNO AL SERIO,BG,16079,E,5,45.58027777777778,9.7075,137
COLOGNO MONZESE,MI,15081,E,5,45.53055555555555,9.278333333333334,130
COLONNO,CO,13074,E,2,45.95888888888889,9.154166666666667,199
COLORINA,SO,14023,F,-,46.152499999999996,9.734444444444444,260
COLTURANO,MI,15082,E,5,45.38111111111111,9.338611111111112,80
COLZATE,BG,16080,E,3,45.81888888888889,9.856388888888889,393
COMABBIO,VA,12054,E,4,45.77361111111111,8.674444444444443,243
COMAZZO,LO,98020,E,6,45.44277777777778,9.465,82
COMERIO,VA,12055,E,4,45.84138888888889,8.745,286
COMERIO,VA,12055,E,2,45.84138888888889,8.745,286
COMMESSAGGIO,MN,20020,E,7,45.03638888888889,10.545833333333333,20
COMO,CO,13075,E,4,45.80694444444444,9.088055555555556,199
COMO,CO,13075,E,2,45.80694444444444,9.088055555555556,199
COMUN NUOVO,BG,16081,E,5,45.62277777777778,9.661944444444444,171
COMUN NUOVO,BG,16081,E,4,45.62277777777778,9.661944444444444,171
CONCESIO,BS,17061,E,7,45.60194444444445,10.22638888888889,187
CONCESIO,BS,17061,E,3,45.60194444444445,10.22638888888889,187
CONFIENZA,PV,18052,E,6,45.33305555555556,8.556666666666667,120
COPIANO,PV,18053,E,6,45.198611111111106,9.324444444444444,66
CORANA,PV,18054,E,6,45.062777777777775,8.969166666666666,69
CORBETTA,MI,15085,E,5,45.466944444444444,8.921666666666667,127
CORMANO,MI,15086,E,5,45.54694444444444,9.17,145
CORNA IMAGNA,BG,16082,F,-,45.83305555555556,9.544722222222221,425
CORNALBA,BG,16249,F,-,45.8525,9.745,700
CORNAREDO,MI,15087,E,5,45.50388888888889,9.025555555555556,132
CORNEGLIANO LAUDENSE,LO,98021,E,6,45.28805555555555,9.488333333333333,76
CORNO GIOVINE,LO,98022,E,6,45.13444444444444,9.758888888888889,42
CORNOVECCHIO,LO,98023,E,6,45.138888888888886,9.799444444444445,39
CORRIDO,CO,13077,E,2,46.04805555555556,9.138333333333334,310
CORSICO,MI,15093,E,5,45.4325,9.108611111111111,113
CORTE FRANCA,BS,17062,E,7,45.63055555555555,9.985277777777776,185
CORTE PALASIO,LO,98024,E,6,45.311388888888885,9.564444444444446,62
CORTENO GOLGI,BS,17063,F,-,46.1675,10.239999999999998,695
CORTENO GOLGI,BS,17063,F,-,46.1675,10.239999999999998,695
CORTENO GOLGI,BS,17063,F,-,46.1675,10.239999999999998,695
CORTENOVA,LC,97025,E,2,46.003055555555555,9.386111111111111,429
CORVINO SAN QUIRICO,PV,18057,E,8,45.01305555555555,9.161666666666667,80
CORVINO SAN QUIRICO,PV,18057,E,6,45.01305555555555,9.161666666666667,80
CORZANO,BS,17064,E,7,45.44472222222222,10.008611111111112,80
COSIO VALTELLINO,SO,14024,F,-,46.13472222222222,9.533888888888889,207
COSTA DI MEZZATE,BG,16084,E,5,45.66361111111111,9.793055555555556,197
COSTA DI MEZZATE,BG,16084,E,4,45.66361111111111,9.793055555555556,197
COSTA MASNAGA,LC,97026,E,4,45.768055555555556,9.281666666666668,239
COSTA VALLE IMAGNA,BG,16085,F,-,45.80305555555555,9.505277777777778,800
COSTA VALLE IMAGNA,BG,16085,F,-,45.80305555555555,9.505277777777778,800
COSTA VOLPINO,BG,16086,E,3,45.831388888888895,10.09388888888889,185
COVO,BG,16087,E,5,45.501666666666665,9.77138888888889,106
COZZO,PV,18059,E,6,45.193888888888885,8.611944444444443,102
CRANDOLA VALSASSINA,LC,97027,F,-,46.025,9.379166666666666,500
CREDARO,BG,16088,E,7,45.660555555555554,9.9275,174
CREDARO,BG,16088,E,4,45.660555555555554,9.9275,174
CREDERA RUBBIANO,CR,19034,E,6,45.303888888888885,9.654722222222222,53
CREMA,CR,19035,E,6,45.36388888888889,9.688611111111111,66
CREMELLA,LC,97028,E,4,45.740833333333335,9.304444444444446,320
CREMENAGA,VA,12056,E,2,45.99055555555556,8.804166666666667,252
CREMENO,LC,97029,F,-,45.93694444444444,9.473333333333333,636
CREMIA,CO,13083,E,2,46.08861111111111,9.270277777777778,199
CREMONA,CR,19036,E,7,45.13388888888889,10.024444444444445,36
CREMOSANO,CR,19037,E,6,45.39666666666667,9.641944444444444,78
CRESPIATICA,LO,98025,E,6,45.35722222222223,9.575833333333334,67
CROSIO DELLA VALLE,VA,12057,E,4,45.760555555555555,8.769166666666667,294
CUASSO AL MONTE,VA,12058,E,4,45.91583333333333,8.880555555555556,274
CUASSO AL MONTE,VA,12058,E,2,45.91583333333333,8.880555555555556,274
CUCCIAGO,CO,13084,E,4,45.74027777777778,9.096111111111112,255
CUGGIONO,MI,15096,E,5,45.50666666666667,8.816944444444443,121
CUMIGNANO SUL NAVIGLIO,CR,19039,E,6,45.355000000000004,9.837222222222223,59
CUNARDO,VA,12060,E,2,45.93722222222222,8.802777777777779,298
CURA CARPIGNANO,PV,18060,E,6,45.21472222222223,9.254722222222222,68
CURIGLIA CON MONTEVIASCO,VA,12061,F,-,46.06166666666666,8.803055555555556,453
CURNO,BG,16089,E,4,45.69194444444444,9.61111111111111,195
CURTATONE,MN,20021,E,7,45.135,10.721666666666668,16
CUSAGO,MI,15097,E,5,45.448055555555555,9.033888888888889,118
CUSANO MILANINO,MI,15098,E,5,45.55222222222222,9.18,148
CUSINO,CO,13085,F,-,46.07527777777778,9.151666666666667,600
CUSIO,BG,16090,F,-,45.992222222222225,9.603333333333333,635
CUSIO,BG,16090,F,-,45.992222222222225,9.603333333333333,635
CUVEGLIO,VA,12062,E,2,45.90861111111111,8.741388888888888,264
CUVIO,VA,12063,E,4,45.89722222222222,8.732777777777779,264
CUVIO,VA,12063,E,2,45.89722222222222,8.732777777777779,264
DAIRAGO,MI,15099,E,5,45.56666666666667,8.86361111111111,186
DAIRAGO,MI,15099,E,4,45.56666666666667,8.86361111111111,186
DALMINE,BG,16091,E,5,45.64694444444444,9.600555555555555,166
DALMINE,BG,16091,E,4,45.64694444444444,9.600555555555555,166
DARFO BOARIO TERME,BS,17065,E,3,45.88111111111111,10.183333333333334,206
DAVERIO,VA,12064,E,4,45.778888888888886,8.771666666666668,258
DAZIO,SO,14025,F,-,46.163333333333334,9.601666666666667,300
DELEBIO,SO,14026,F,-,46.1375,9.466111111111111,199
DELLO,BS,17066,E,7,45.41888888888889,10.075833333333334,70
DEROVERE,CR,19040,E,7,45.111111111111114,10.248055555555554,31
DERVIO,LC,97030,E,2,46.07833333333333,9.306111111111111,199
DESENZANO DEL GARDA,BS,17067,E,7,45.473055555555554,10.538611111111111,65
DIZZASCO,CO,13087,E,2,45.94583333333333,9.1,250
DOLZAGO,LC,97031,E,4,45.77166666666667,9.344166666666668,272
DOMASO,CO,13089,E,2,46.15277777777778,9.328055555555554,199
DONGO,CO,13090,E,2,46.126111111111115,9.281111111111112,199
DORIO,LC,97032,E,2,46.10305555555556,9.320277777777777,199
DORNO,PV,18061,E,6,45.155833333333334,8.951944444444443,70
DOSOLO,MN,20022,E,7,44.95388888888889,10.642222222222221,21
DOSSENA,BG,16092,F,-,45.88055555555555,9.701944444444443,471
DOSSO DEL LIRO,CO,13092,E,2,46.165,9.273611111111112,350
DOVERA,CR,19041,E,6,45.36694444444444,9.5425,70
DRESANO,MI,15101,E,5,45.37388888888889,9.361944444444443,87
DUBINO,SO,14027,E,2,46.155,9.46111111111111,199
DUBINO,SO,14027,E,1,46.155,9.46111111111111,199
DUMENZA,VA,12065,E,2,46.02194444444444,8.786944444444444,300
DUNO,VA,12066,E,2,45.914722222222224,8.737777777777778,425
EDOLO,BS,17068,F,-,46.18083333333333,10.329444444444444,638
EDOLO,BS,17068,F,-,46.18083333333333,10.329444444444444,638
ELLO,LC,97033,E,4,45.788333333333334,9.365277777777777,345
ENDINE GAIANO,BG,16093,E,3,45.79222222222222,9.974166666666667,337
ENTRATICO,BG,16094,E,4,45.706944444444446,9.875,260
ENTRATICO,BG,16094,E,3,45.706944444444446,9.875,260
ERBA,CO,13095,E,4,45.81083333333333,9.216944444444444,259
ERBA,CO,13095,E,2,45.81083333333333,9.216944444444444,259
ERBUSCO,BS,17069,E,7,45.59916666666667,9.973888888888888,180
ERVE,LC,97034,E,4,45.82055555555556,9.451388888888888,400
ERVE,LC,97034,E,3,45.82055555555556,9.451388888888888,400
ESINE,BS,17070,E,3,45.92583333333333,10.25611111111111,225
ESINO LARIO,LC,97035,F,-,45.99777777777778,9.335,554
EUPILIO,CO,13097,E,4,45.81944444444445,9.264166666666666,258
FAEDO VALTELLINO,SO,14028,F,-,46.155,9.90638888888889,290
FAGGETO LARIO,CO,13098,E,4,45.86083333333333,9.160277777777779,199
FAGGETO LARIO,CO,13098,E,2,45.86083333333333,9.160277777777779,199
FAGNANO OLONA,VA,12067,E,4,45.67111111111111,8.873333333333333,224
FALOPPIO,CO,13099,E,4,45.81055555555555,8.965833333333332,285
FARA OLIVANA CON SOLA,BG,16097,E,5,45.495555555555555,9.749166666666666,101
FERNO,VA,12068,E,4,45.615,8.755,208
FERRERA DI VARESE,VA,12069,E,2,45.93527777777778,8.785555555555556,242
FERRERA ERBOGNONE,PV,18062,E,6,45.11555555555556,8.865555555555556,76
FIESCO,CR,19043,E,6,45.33694444444445,9.781111111111112,68
FIESSE,BS,17071,E,7,45.23361111111111,10.321388888888889,34
FIGINO SERENZA,CO,13101,E,4,45.71388888888889,9.131388888888889,280
FILAGO,BG,16098,E,5,45.640277777777776,9.557222222222222,166
FILIGHERA,PV,18063,E,6,45.17916666666667,9.314444444444446,62
FINO DEL MONTE,BG,16099,F,-,45.8925,9.99472222222222,636
FINO MORNASCO,CO,13102,E,4,45.74472222222222,9.052777777777779,257
FIORANO AL SERIO,BG,16100,E,3,45.80083333333333,9.843055555555557,375
FLERO,BS,17072,E,7,45.48416666666667,10.176666666666666,95
FOMBIO,LO,98026,E,6,45.13861111111111,9.684444444444445,45
FONTANELLA,BG,16101,E,6,45.47027777777778,9.801666666666668,89
FONTANELLA,BG,16101,E,5,45.47027777777778,9.801666666666668,89
FONTENO,BG,16102,E,3,45.759166666666665,10.020000000000001,375
FOPPOLO,BG,16103,F,-,46.04611111111111,9.751666666666667,1300
FOPPOLO,BG,16103,F,-,46.04611111111111,9.751666666666667,1300
FORCOLA,SO,14029,F,-,46.159166666666664,9.662777777777778,260
FORESTO SPARSO,BG,16104,E,3,45.6975,9.90638888888889,245
FORMIGARA,CR,19044,E,6,45.224722222222226,9.770277777777778,43
FORNOVO SAN GIOVANNI,BG,16105,E,5,45.49777777777778,9.677777777777777,103
FORTUNAGO,PV,18064,E,8,44.92305555555555,9.185833333333333,257
FRASCAROLO,PV,18065,E,6,45.04722222222222,8.681944444444444,80
FUIPIANO VALLE IMAGNA,BG,16106,F,-,45.85444444444445,9.528055555555556,700
FUSINE,SO,14030,F,-,46.15138888888889,9.750833333333333,271
FUSINE,SO,14030,F,-,46.15138888888889,9.750833333333333,271
GAGGIANO,MI,15103,E,5,45.40861111111111,9.033055555555556,108
GALBIATE,LC,97036,E,4,45.818333333333335,9.373888888888889,199
GALGAGNANO,LO,98027,E,6,45.36027777777778,9.448333333333334,71
GALLARATE,VA,12070,E,4,45.66083333333333,8.794722222222221,227
GALLIATE LOMBARDO,VA,12071,E,4,45.785555555555554,8.769166666666667,238
GALLIAVOLA,PV,18066,E,6,45.09861111111111,8.819722222222222,78
GAMBARA,BS,17073,E,7,45.25472222222222,10.296388888888888,37
GAMBARANA,PV,18067,E,6,45.03,8.764166666666666,75
GANDELLINO,BG,16107,F,-,45.99111111111111,9.947777777777778,674
GANDINO,BG,16108,E,3,45.81222222222222,9.905277777777778,425
GANDOSSO,BG,16109,E,4,45.66361111111111,9.887222222222222,242
GARBAGNATE MILANESE,MI,15105,E,5,45.57833333333333,9.078888888888889,167
GARBAGNATE MILANESE,MI,15105,E,4,45.57833333333333,9.078888888888889,167
GARBAGNATE MONASTERO,LC,97037,E,4,45.77472222222222,9.302222222222223,260
GARDONE RIVIERA,BS,17074,E,3,45.623333333333335,10.564166666666667,65
GARDONE VAL TROMPIA,BS,17075,E,3,45.69083333333333,10.182777777777778,301
GARGNANO,BS,17076,E,3,45.69,10.664444444444445,65
GARLASCO,PV,18069,E,6,45.197222222222216,8.923055555555555,70
GARLATE,LC,97038,E,4,45.80638888888888,9.402222222222223,198
GARZENO,CO,13106,F,-,46.13666666666666,9.249444444444444,345
GAVARDO,BS,17077,E,7,45.586111111111116,10.438611111111111,184
GAVARDO,BS,17077,E,3,45.586111111111116,10.438611111111111,184
GAVERINA TERME,BG,16110,E,3,45.76138888888889,9.884722222222221,400
GAVIRATE,VA,12072,E,4,45.84444444444445,8.716944444444444,238
GAZOLDO DEGLI IPPOLITI,MN,20024,E,7,45.200833333333335,10.580277777777777,30
GAZZADA SCHIANNO,VA,12073,E,4,45.780833333333334,8.823333333333332,300
GAZZANIGA,BG,16111,E,3,45.799166666666665,9.835277777777778,360
GAZZUOLO,MN,20025,E,7,45.069722222222225,10.582777777777778,19
GEMONIO,VA,12074,E,4,45.88027777777778,8.674722222222222,233
GEMONIO,VA,12074,E,2,45.88027777777778,8.674722222222222,233
GENIVOLTA,CR,19047,E,7,45.33388888888889,9.876944444444446,56
GENIVOLTA,CR,19047,E,6,45.33388888888889,9.876944444444446,56
GERA LARIO,CO,13107,E,2,46.1725,9.370555555555557,199
GERA LARIO,CO,13107,E,1,46.1725,9.370555555555557,199
GERENZAGO,PV,18071,E,6,45.20861111111111,9.36,72
GERENZANO,VA,12075,E,4,45.64083333333333,8.998333333333333,212
GERMIGNAGA,VA,12076,E,2,45.99444444444445,8.723888888888888,193
GEROLA ALTA,SO,14031,F,-,46.06194444444444,9.550555555555556,667
GESSATE,MI,15106,E,5,45.55722222222222,9.436111111111112,133
GHEDI,BS,17078,E,7,45.40416666666667,10.27638888888889,60
GHISALBA,BG,16113,E,5,45.594166666666666,9.754166666666666,155
GIANICO,BS,17079,E,3,45.86611111111111,10.182222222222222,206
GIUSSAGO,PV,18072,E,6,45.286944444444444,9.141666666666666,86
GIUSSAGO,PV,18072,E,5,45.286944444444444,9.141666666666666,86
GOITO,MN,20026,E,7,45.256388888888885,10.674166666666666,22
GOLASECCA,VA,12077,E,4,45.698611111111106,8.65611111111111,190
GOLFERENZO,PV,18074,F,-,44.96277777777778,9.307222222222222,225
GOMBITO,CR,19049,E,6,45.26305555555555,9.730833333333333,47
GONZAGA,MN,20027,E,7,44.95583333333334,10.821944444444444,17
GORDONA,SO,14032,E,2,46.2925,9.365,218
GORDONA,SO,14032,E,1,46.2925,9.365,218
GORGONZOLA,MI,15108,E,5,45.5325,9.405833333333334,123
GORLA MAGGIORE,VA,12078,E,4,45.665,8.8925,217
GORLA MINORE,VA,12079,E,5,45.64611111111111,8.899444444444445,214
GORLA MINORE,VA,12079,E,4,45.64611111111111,8.899444444444445,214
GORLAGO,BG,16114,E,5,45.67722222222222,9.826666666666666,215
GORLAGO,BG,16114,E,4,45.67722222222222,9.826666666666666,215
GORLE,BG,16115,E,4,45.70527777777778,9.719444444444445,247
GORNATE OLONA,VA,12080,E,4,45.73972222222222,8.860277777777778,246
GORNO,BG,16116,F,-,45.865,9.843333333333334,475
GOTTOLENGO,BS,17080,E,7,45.29138888888889,10.270277777777778,45
GRAFFIGNANA,LO,98028,E,6,45.211111111111116,9.454722222222221,64
GRANDATE,CO,13110,E,4,45.77833333333333,9.058055555555557,301
GRANDOLA ED UNITI,CO,13111,E,2,46.033055555555556,9.210555555555555,320
GRANTOLA,VA,12081,E,2,45.95,8.776666666666667,238
GRASSOBBIO,BG,16117,E,4,45.659444444444446,9.723611111111111,196
GRAVELLONA LOMELLINA,PV,18075,E,6,45.330000000000005,8.765,110
GREZZAGO,MI,15110,E,5,45.5925,9.496666666666666,169
GREZZAGO,MI,15110,E,4,45.5925,9.496666666666666,169
GRIANTE,CO,13113,E,2,45.99611111111111,9.234166666666665,199
GROMO,BG,16118,F,-,45.968333333333334,9.928333333333333,608
GRONE,BG,16119,E,3,45.72944444444445,9.911388888888888,307
GRONTARDO,CR,19050,E,7,45.202222222222225,10.151111111111112,44
GROPELLO CAIROLI,PV,18076,E,6,45.178888888888885,8.991944444444444,68
GROSIO,SO,14033,F,-,46.30027777777777,10.274722222222223,620
GROSIO,SO,14033,F,-,46.30027777777777,10.274722222222223,620
GROSOTTO,SO,14034,F,-,46.282777777777774,10.256666666666666,564
GROSOTTO,SO,14034,F,-,46.282777777777774,10.256666666666666,564
GRUMELLO CREMONESE ED UNITI,CR,19051,E,6,45.195277777777775,9.867222222222223,47
GRUMELLO DEL MONTE,BG,16120,E,7,45.636944444444445,9.872222222222224,183
GRUMELLO DEL MONTE,BG,16120,E,5,45.636944444444445,9.872222222222224,183
GRUMELLO DEL MONTE,BG,16120,E,4,45.636944444444445,9.872222222222224,183
GUANZATE,CO,13114,E,4,45.72555555555556,9.0125,302
GUARDAMIGLIO,LO,98029,E,6,45.11138888888889,9.681111111111111,46
GUDO VISCONTI,MI,15112,E,5,45.37583333333333,8.999444444444444,111
GUIDIZZOLO,MN,20028,E,7,45.3175,10.581944444444444,45
GUSSAGO,BS,17081,E,7,45.596111111111114,10.153055555555556,128
GUSSAGO,BS,17081,E,3,45.596111111111114,10.153055555555556,128
GUSSOLA,CR,19052,E,7,45.01166666666666,10.351388888888888,25
IDRO,BS,17082,E,3,45.740833333333335,10.482222222222223,355
IMBERSAGO,LC,97039,E,4,45.70777777777778,9.446111111111112,190
INARZO,VA,12082,E,4,45.78638888888889,8.73361111111111,239
INCUDINE,BS,17083,F,-,46.223888888888894,10.357777777777777,841
INDUNO OLONA,VA,12083,E,4,45.8525,8.838333333333335,347
INDUNO OLONA,VA,12083,E,2,45.8525,8.838333333333335,347
INTROBIO,LC,97040,E,3,45.972500000000004,9.453333333333333,528
INTROBIO,LC,97040,E,2,45.972500000000004,9.453333333333333,528
INVERIGO,CO,13118,E,4,45.74388888888889,9.226666666666667,232
INVERNO E MONTELEONE,PV,18077,E,6,45.19972222222222,9.382777777777779,71
INVERUNO,MI,15113,E,5,45.515,8.852777777777778,156
INZAGO,MI,15114,E,5,45.54138888888889,9.483333333333333,125
IRMA,BS,17084,F,-,45.77222222222222,10.284166666666666,617
ISEO,BS,17085,E,7,45.66111111111111,10.050833333333333,185
ISEO,BS,17085,E,4,45.66111111111111,10.050833333333333,185
ISEO,BS,17085,E,3,45.66111111111111,10.050833333333333,185
ISOLA DI FONDRA,BG,16121,F,-,45.980555555555554,9.747499999999999,630
ISOLA DOVARESE,CR,19053,E,7,45.175,10.312222222222223,28
ISORELLA,BS,17086,E,7,45.30916666666666,10.321111111111112,48
ISPRA,VA,12084,E,4,45.8175,8.611388888888888,193
ISSO,BG,16122,E,6,45.4775,9.760555555555555,98
ISSO,BG,16122,E,5,45.4775,9.760555555555555,98
IZANO,CR,19054,E,6,45.355555555555554,9.75388888888889,71
JERAGO CON ORAGO,VA,12085,E,4,45.70916666666667,8.791666666666666,274
LACCHIARELLA,MI,15115,E,6,45.322500000000005,9.138333333333334,90
LACCHIARELLA,MI,15115,E,5,45.322500000000005,9.138333333333334,90
LAGLIO,CO,13119,E,2,45.882777777777775,9.138055555555555,199
LAINATE,MI,15116,E,5,45.57194444444445,9.028611111111111,163
LAINATE,MI,15116,E,4,45.57194444444445,9.028611111111111,163
LAINO,CO,13120,F,-,45.98555555555556,9.07638888888889,425
LALLIO,BG,16123,E,4,45.66722222222222,9.63,205
LAMBRUGO,CO,13121,E,4,45.75944444444445,9.242222222222221,238
LANDRIANO,PV,18078,E,6,45.31333333333333,9.260833333333334,81
LANDRIANO,PV,18078,E,5,45.31333333333333,9.260833333333334,81
LANGOSCO,PV,18079,E,6,45.214444444444446,8.565000000000001,104
LANZADA,SO,14036,F,-,46.27166666666667,9.874166666666667,950
LARDIRAGO,PV,18080,E,6,45.23722222222222,9.232222222222223,75
LASNIGO,CO,13123,E,2,45.88333333333333,9.268333333333334,507
LAVENA PONTE TRESA,VA,12086,E,2,45.95888888888889,8.870277777777778,271
LAVENONE,BS,17087,E,3,45.74,10.438611111111111,330
LECCO,LC,97042,E,4,45.85305555555556,9.393888888888888,198
LEFFE,BG,16124,E,3,45.801944444444445,9.886111111111111,415
LEGGIUNO,VA,12088,E,4,45.876666666666665,8.620277777777778,193
LEGNANO,MI,15118,E,5,45.59583333333334,8.92,192
LENNA,BG,16125,E,3,45.945277777777775,9.678888888888888,440
LENO,BS,17088,E,7,45.3675,10.219722222222222,50
LEVATE,BG,16126,E,5,45.626111111111115,9.625,180
LEZZENO,CO,13126,E,2,45.94694444444444,9.195,199
LIERNA,LC,97043,E,2,45.961666666666666,9.303611111111111,199
LIMIDO COMASCO,CO,13128,E,4,45.692499999999995,8.981388888888889,251
LIMONE SUL GARDA,BS,17089,E,3,45.81527777777777,10.792777777777777,65
LINAROLO,PV,18081,E,6,45.16138888888889,9.270000000000001,59
LIPOMO,CO,13129,E,4,45.795833333333334,9.120555555555557,329
LIRIO,PV,18082,E,8,44.99472222222222,9.25611111111111,145
LISCATE,MI,15122,E,5,45.48222222222223,9.409444444444444,105
LIVIGNO,SO,14037,F,-,46.54055555555556,10.135277777777777,1693
LIVO,CO,13130,F,-,46.170833333333334,9.303055555555556,300
LIVO,CO,13130,F,-,46.170833333333334,9.303055555555556,300
LIVRAGA,LO,98030,E,6,45.19472222222222,9.548055555555555,62
LOCATE DI TRIULZI,MI,15125,E,6,45.36027777777778,9.225277777777778,92
LOCATE DI TRIULZI,MI,15125,E,5,45.36027777777778,9.225277777777778,92
LOCATE VARESINO,CO,13131,E,4,45.690555555555555,8.931111111111111,260
LOCATELLO,BG,16127,E,3,45.84027777777778,9.535277777777777,440
LODI,LO,98031,E,6,45.31638888888889,9.504166666666666,65
LODI VECCHIO,LO,98032,E,6,45.305,9.412222222222223,78
LODRINO,BS,17090,F,-,45.72027777777778,10.274166666666668,450
LOGRATO,BS,17091,E,7,45.48361111111111,10.056944444444445,101
LOMAGNA,LC,97044,E,4,45.67194444444444,9.374444444444444,225
LOMAZZO,CO,13133,E,4,45.69777777777777,9.04,243
LOMELLO,PV,18083,E,6,45.121944444444445,8.795555555555556,82
LONATE CEPPINO,VA,12089,E,4,45.706944444444446,8.874444444444444,233
LONATE POZZOLO,VA,12090,E,4,45.60055555555556,8.755,141
LONGHENA,BS,17093,E,7,45.43833333333333,10.060555555555556,88
LONGONE AL SEGRINO,CO,13134,E,4,45.82138888888889,9.253055555555555,321
LOSINE,BS,17094,E,3,45.98416666666667,10.31638888888889,297
LOVERE,BG,16128,E,3,45.82027777777778,10.076944444444445,185
LOVERO,SO,14038,F,-,46.23361111111111,10.22861111111111,497
LOVERO,SO,14038,F,-,46.23361111111111,10.22861111111111,497
LOZIO,BS,17095,F,-,45.98722222222222,10.262777777777778,519
LOZZA,VA,12091,E,4,45.77583333333333,8.856666666666666,276
LUINO,VA,12092,E,2,46.00416666666667,8.744444444444444,193
LUISAGO,CO,13135,E,4,45.765277777777776,9.037777777777778,297
LUMEZZANE,BS,17096,E,3,45.65138888888889,10.264444444444445,310
LUNGAVILLA,PV,18084,E,6,45.04361111111111,9.081944444444444,74
LURAGO MARINONE,CO,13137,E,4,45.70583333333334,8.985,277
LURANO,BG,16129,E,5,45.565555555555555,9.640833333333333,139
LURATE CACCIVIO,CO,13138,E,4,45.772777777777776,9.004166666666666,319
LUVINATE,VA,12093,E,4,45.84166666666667,8.7675,290
LUVINATE,VA,12093,E,2,45.84166666666667,8.7675,290
LUZZANA,BG,16130,E,3,45.71638888888889,9.881388888888889,278
MACCASTORNA,LO,98033,E,6,45.14805555555556,9.855,40
MACLODIO,BS,17097,E,7,45.4775,10.043611111111112,103
MADESIMO,SO,14035,F,-,46.430277777777775,9.343611111111112,1110
MADIGNANO,CR,19055,E,6,45.343333333333334,9.727222222222222,64
MADONE,BG,16131,E,5,45.650555555555556,9.54888888888889,180
MADONE,BG,16131,E,4,45.650555555555556,9.54888888888889,180
MAGASA,BS,17098,F,-,45.783055555555556,10.619444444444445,600
MAGENTA,MI,15130,E,5,45.46611111111111,8.885833333333332,104
MAGHERNO,PV,18085,E,6,45.225833333333334,9.330277777777777,73
MAGNACAVALLO,MN,20029,E,7,45.0075,11.184722222222222,10
MAGNAGO,MI,15131,E,5,45.57944444444445,8.803055555555556,186
MAGNAGO,MI,15131,E,4,45.57944444444445,8.803055555555556,186
MAGREGLIO,CO,13139,F,-,45.92194444444444,9.261666666666667,699
MAIRAGO,LO,98034,E,6,45.254444444444445,9.580277777777777,62
MAIRANO,BS,17099,E,7,45.45,10.080277777777777,87
MALAGNINO,CR,19056,E,7,45.135,10.116666666666667,37
MALEGNO,BS,17100,E,3,45.9525,10.270555555555557,278
MALEO,LO,98035,E,6,45.169999999999995,9.766111111111112,40
MALGRATE,LC,97045,E,4,45.853611111111114,9.375,199
MALNATE,VA,12096,E,4,45.80166666666666,8.877777777777778,282
MALONNO,BS,17101,F,-,46.11805555555556,10.311111111111112,470
MANDELLO DEL LARIO,LC,97046,E,2,45.914722222222224,9.319722222222222,199
MANERBA DEL GARDA,BS,17102,E,7,45.55027777777777,10.551944444444445,65
MANERBIO,BS,17103,E,7,45.35611111111111,10.141944444444444,59
MANTELLO,SO,14039,E,1,46.155277777777776,9.488333333333333,207
MANTOVA,MN,20030,E,7,45.1575,10.792222222222222,14
MAPELLO,BG,16132,E,4,45.71222222222222,9.548055555555555,233
MARCALLO CON CASONE,MI,15134,E,5,45.48638888888889,8.870555555555557,140
MARCARIA,MN,20031,E,7,45.12027777777778,10.534166666666666,19
MARCHENO,BS,17104,E,3,45.71138888888889,10.219444444444445,339
MARCHIROLO,VA,12097,E,2,45.95111111111111,8.831388888888888,435
MARCIGNAGO,PV,18086,E,6,45.25555555555555,9.077777777777778,86
MARGNO,LC,97047,F,-,46.033055555555556,9.379444444444445,519
MARIANA MANTOVANA,MN,20032,E,7,45.19416666666666,10.487222222222222,29
MARIANO COMENSE,CO,13143,E,4,45.69833333333333,9.178888888888888,233
MARMENTINO,BS,17105,F,-,45.75694444444444,10.285,606
MARMIROLO,MN,20033,E,7,45.221944444444446,10.75611111111111,25
MARNATE,VA,12098,E,4,45.62972222222222,8.902777777777779,211
MARONE,BS,17106,E,3,45.74138888888889,10.092777777777778,185
MARTIGNANA DI PO,CR,19057,E,7,45.011944444444445,10.380833333333333,25
MARTINENGO,BG,16133,E,5,45.571111111111115,9.768055555555556,132
MARUDO,LO,98036,E,6,45.25527777777778,9.375277777777779,76
MARZANO,PV,18087,E,6,45.249722222222225,9.295277777777777,75
MARZIO,VA,12099,F,-,45.93944444444444,8.858055555555556,550
MASATE,MI,15136,E,5,45.568333333333335,9.463888888888889,142
MASCIAGO PRIMO,VA,12100,E,2,45.91861111111111,8.78138888888889,265
MASLIANICO,CO,13144,E,4,45.843611111111116,9.051111111111112,209
MASLIANICO,CO,13144,E,2,45.843611111111116,9.051111111111112,209
MASSALENGO,LO,98037,E,6,45.265277777777776,9.488333333333333,72
MAZZANO,BS,17107,E,7,45.520833333333336,10.351388888888888,134
MAZZO DI VALTELLINA,SO,14040,F,-,46.26,10.256666666666666,535
MAZZO DI VALTELLINA,SO,14040,F,-,46.26,10.256666666666666,535
MEDE,PV,18088,E,6,45.09777777777778,8.737222222222222,83
MEDIGLIA,MI,15139,E,5,45.397777777777776,9.3325,89
MEDOLAGO,BG,16250,E,4,45.67194444444444,9.493888888888888,175
MEDOLE,MN,20034,E,7,45.32638888888889,10.510277777777778,48
MELEGNANO,MI,15140,E,5,45.35916666666667,9.3225,80
MELETI,LO,98038,E,6,45.12111111111111,9.836666666666668,39
MELLO,SO,14041,F,-,46.156388888888884,9.546388888888888,325
MELZO,MI,15142,E,5,45.50222222222222,9.423055555555555,113
MENAGGIO,CO,13145,E,2,46.02333333333333,9.239722222222222,199
MENCONICO,PV,18089,F,-,44.7975,9.280000000000001,500
MERATE,LC,97048,E,4,45.70055555555556,9.416111111111112,254
MERCALLO,VA,12101,E,4,45.75222222222222,8.669444444444444,237
MERLINO,LO,98039,E,6,45.43555555555555,9.430277777777777,80
MERLINO,LO,98039,E,5,45.43555555555555,9.430277777777777,80
MERONE,CO,13147,E,4,45.78444444444444,9.246944444444443,241
MESE,SO,14043,E,1,46.306666666666665,9.379444444444445,253
MESENZANA,VA,12102,E,2,45.94888888888889,8.755555555555556,226
MESERO,MI,15144,E,5,45.50222222222222,8.85388888888889,142
MEZZANA BIGLI,PV,18090,E,6,45.06166666666666,8.846944444444444,70
MEZZANA RABATTONE,PV,18091,E,6,45.09638888888889,9.031944444444445,62
MEZZANINO,PV,18092,E,6,45.12777777777778,9.205277777777777,60
MEZZOLDO,BG,16134,F,-,46.013888888888886,9.665277777777778,667
MILANO,MI,15146,E,5,45.465833333333336,9.19,102
MILZANO,BS,17108,E,7,45.27472222222222,10.200277777777776,35
MIRADOLO TERME,PV,18093,E,6,45.17388888888889,9.443888888888889,68
MISSAGLIA,LC,97049,E,4,45.70916666666667,9.335833333333333,242
MOGGIO,LC,97050,F,-,45.93416666666666,9.48611111111111,725
MOGGIO,LC,97050,F,-,45.93416666666666,9.48611111111111,725
MOGLIA,MN,20035,E,7,44.933611111111105,10.912777777777778,16
MOLTENO,LC,97051,E,4,45.78138888888889,9.308611111111112,263
MOLTRASIO,CO,13152,E,2,45.862500000000004,9.100277777777777,199
MONASTEROLO DEL CASTELLO,BG,16137,E,3,45.763888888888886,9.933055555555555,337
MONGUZZO,CO,13153,E,4,45.777499999999996,9.225833333333334,247
MONIGA DEL GARDA,BS,17109,E,7,45.527499999999996,10.535277777777777,65
MONNO,BS,17110,F,-,46.21333333333334,10.339444444444444,781
MONNO,BS,17110,F,-,46.21333333333334,10.339444444444444,781
MONTAGNA IN VALTELLINA,SO,14044,F,-,46.180277777777775,9.908611111111112,288
MONTALTO PAVESE,PV,18094,F,-,44.980555555555554,9.210555555555555,170
MONTANASO LOMBARDO,LO,98040,E,6,45.333333333333336,9.457777777777777,68
MONTANO LUCINO,CO,13154,E,4,45.78722222222222,9.043888888888889,304
MONTE CREMASCO,CR,19058,E,6,45.374722222222225,9.573888888888888,76
MONTE ISOLA,BS,17111,E,7,45.717222222222226,10.080277777777777,185
MONTE ISOLA,BS,17111,E,4,45.717222222222226,10.080277777777777,185
MONTE ISOLA,BS,17111,E,3,45.717222222222226,10.080277777777777,185
MONTE MARENZO,LC,97052,E,4,45.77027777777778,9.454166666666666,199
MONTEBELLO DELLA BATTAGLIA,PV,18095,E,6,45.00388888888889,9.104722222222222,78
MONTECALVO VERSIGGIA,PV,18096,F,-,44.97222222222222,9.286666666666667,164
MONTEGRINO VALTRAVAGLIA,VA,12103,E,2,45.974444444444444,8.767222222222223,207
MONTELLO,BG,16139,E,4,45.672777777777775,9.8,220
MONTEMEZZO,CO,13155,E,2,46.18083333333333,9.371111111111112,275
MONTEMEZZO,CO,13155,E,1,46.18083333333333,9.371111111111112,275
MONTESCANO,PV,18097,E,8,45.0325,9.295277777777777,118
MONTESEGALE,PV,18098,E,8,44.90861111111111,9.126944444444446,213
MONTEVECCHIA,LC,97053,E,4,45.70722222222223,9.378333333333334,240
MONTICELLI BRUSATI,BS,17112,E,7,45.63166666666667,10.100555555555555,205
MONTICELLI BRUSATI,BS,17112,E,3,45.63166666666667,10.100555555555555,205
MONTICELLI PAVESE,PV,18099,E,6,45.11222222222222,9.511666666666667,50
MONTICELLO BRIANZA,LC,97054,E,4,45.71,9.314166666666667,310
MONTICHIARI,BS,17113,E,7,45.41444444444444,10.392222222222221,71
MONTIRONE,BS,17114,E,7,45.44444444444444,10.229722222222222,88
MONTODINE,CR,19059,E,6,45.28805555555555,9.709722222222222,48
MONTORFANO,CO,13157,E,4,45.78722222222222,9.147499999999999,360
MONVALLE,VA,12104,E,4,45.85916666666667,8.631944444444445,193
MONZAMBANO,MN,20036,E,7,45.388333333333335,10.692777777777778,63
MORAZZONE,VA,12105,E,4,45.76888888888889,8.831388888888888,333
MORBEGNO,SO,14045,F,-,46.13333333333333,9.571388888888889,220
MORENGO,BG,16140,E,5,45.535,9.705833333333333,119
MORIMONDO,MI,15150,E,6,45.35388888888889,8.955833333333333,82
MORIMONDO,MI,15150,E,5,45.35388888888889,8.955833333333333,82
MORNAGO,VA,12106,E,4,45.74916666666667,8.751111111111111,256
MORNICO AL SERIO,BG,16141,E,5,45.59305555555556,9.808611111111112,147
MORNICO LOSANA,PV,18101,E,8,45.01277777777778,9.20611111111111,120
MORNICO LOSANA,PV,18101,E,6,45.01277777777778,9.20611111111111,120
MORTARA,PV,18102,E,6,45.254444444444445,8.739166666666666,103
MORTERONE,LC,97055,F,-,45.87583333333333,9.4825,758
MOSCAZZANO,CR,19060,E,6,45.29527777777778,9.681944444444444,53
MOTTA BALUFFI,CR,19061,E,7,45.05416666666667,10.259166666666667,29
MOTTA VISCONTI,MI,15151,E,5,45.28722222222222,8.992222222222221,71
MOTTEGGIANA,MN,20037,E,7,45.0375,10.762222222222222,16
MOZZANICA,BG,16142,E,5,45.477222222222224,9.693611111111112,93
MOZZATE,CO,13159,E,4,45.67611111111111,8.95611111111111,247
MOZZO,BG,16143,E,4,45.703611111111115,9.608888888888888,215
MULAZZANO,LO,98041,E,6,45.37638888888889,9.399444444444445,83
MURA,BS,17115,F,-,45.71472222222223,10.344722222222222,333
MUSCOLINE,BS,17116,E,7,45.559999999999995,10.471666666666668,181
MUSSO,CO,13160,E,2,46.115833333333335,9.275833333333335,199
NAVE,BS,17117,E,7,45.58694444444445,10.289444444444444,192
NAVE,BS,17117,E,3,45.58694444444445,10.289444444444444,192
NEMBRO,BG,16144,E,4,45.74805555555556,9.760555555555555,285
NEMBRO,BG,16144,E,3,45.74805555555556,9.760555555555555,285
NERVIANO,MI,15154,E,5,45.55611111111111,8.973611111111111,162
NERVIANO,MI,15154,E,4,45.55611111111111,8.973611111111111,162
NESSO,CO,13161,E,2,45.915277777777774,9.158888888888889,199
NIARDO,BS,17118,E,3,45.97972222222222,10.34138888888889,297
NIBIONNO,LC,97056,E,4,45.75416666666667,9.26361111111111,236
NICORVO,PV,18103,E,6,45.28722222222222,8.667777777777777,111
NOSATE,MI,15155,E,5,45.553888888888885,8.725555555555555,138
NOVATE MEZZOLA,SO,14046,E,1,46.221944444444446,9.448055555555555,199
NOVATE MILANESE,MI,15157,E,5,45.532777777777774,9.139722222222222,139
NOVEDRATE,CO,13163,E,4,45.70027777777778,9.121944444444445,239
NOVIGLIO,MI,15158,E,5,45.35888888888889,9.069444444444445,101
NUVOLENTO,BS,17119,E,7,45.54805555555556,10.383333333333333,166
NUVOLENTO,BS,17119,E,3,45.54805555555556,10.383333333333333,166
NUVOLERA,BS,17120,E,7,45.53583333333333,10.372222222222224,158
NUVOLERA,BS,17120,E,3,45.53583333333333,10.372222222222224,158
ODOLO,BS,17121,E,3,45.647777777777776,10.389444444444443,306
OFFANENGO,CR,19062,E,6,45.38333333333333,9.741944444444444,76
OFFLAGA,BS,17122,E,7,45.38805555555555,10.118055555555555,63
OGGIONA CON SANTO STEFANO,VA,12107,E,4,45.695277777777775,8.81638888888889,260
OGGIONO,LC,97057,E,4,45.791666666666664,9.346944444444444,224
OLEVANO DI LOMELLINA,PV,18104,E,6,45.21555555555556,8.716111111111111,104
OLGIATE COMASCO,CO,13165,E,4,45.78583333333333,8.971388888888889,348
OLGIATE MOLGORA,LC,97058,E,4,45.72972222222222,9.40388888888889,220
OLGIATE OLONA,VA,12108,E,4,45.6325,8.890555555555554,211
OLGINATE,LC,97059,E,4,45.801111111111105,9.413055555555555,198
OLIVA GESSI,PV,18105,E,8,45.004444444444445,9.18,125
OLIVETO LARIO,LC,97060,E,2,45.9325,9.28277777777778,199
OLMENETA,CR,19063,E,7,45.236666666666665,10.020833333333334,52
OLMO AL BREMBO,BG,16145,E,3,45.972500000000004,9.650277777777777,533
OLTRE IL COLLE,BG,16146,F,-,45.89222222222222,9.770555555555557,728
OLTRESSENDA ALTA,BG,16147,F,-,45.91638888888889,9.945555555555556,550
OLTRONA DI SAN MAMETTE,CO,13169,E,4,45.7575,8.977222222222222,337
OME,BS,17123,E,7,45.626111111111115,10.125833333333334,197
OME,BS,17123,E,3,45.626111111111115,10.125833333333334,197
ONETA,BG,16148,F,-,45.87388888888889,9.819722222222222,600
ONO SAN PIETRO,BS,17124,E,3,46.018055555555556,10.326944444444445,359
ONORE,BG,16149,F,-,45.891666666666666,10.009444444444444,636
OPERA,MI,15159,E,5,45.37861111111111,9.209722222222222,96
ORIGGIO,VA,12109,E,5,45.599722222222226,9.017777777777779,182
ORIGGIO,VA,12109,E,4,45.599722222222226,9.017777777777779,182
ORINO,VA,12110,E,4,45.88333333333333,8.716388888888888,400
ORIO AL SERIO,BG,16150,E,5,45.67638888888889,9.6925,228
ORIO AL SERIO,BG,16150,E,4,45.67638888888889,9.6925,228
ORIO LITTA,LO,98042,E,6,45.15972222222222,9.554444444444446,51
ORNICA,BG,16151,F,-,45.99055555555556,9.579166666666666,638
ORNICA,BG,16151,F,-,45.99055555555556,9.579166666666666,638
ORSENIGO,CO,13170,E,4,45.776944444444446,9.18388888888889,321
ORZINUOVI,BS,17125,E,7,45.40277777777778,9.924444444444443,62
ORZINUOVI,BS,17125,E,6,45.40277777777778,9.924444444444443,62
ORZIVECCHI,BS,17126,E,7,45.420833333333334,9.962777777777777,82
OSIO SOPRA,BG,16152,E,5,45.63055555555555,9.592222222222222,176
OSIO SOPRA,BG,16152,E,4,45.63055555555555,9.592222222222222,176
OSIO SOTTO,BG,16153,E,5,45.6175,9.591944444444445,168
OSNAGO,LC,97061,E,4,45.67916666666667,9.392222222222221,230
OSPEDALETTO LODIGIANO,LO,98043,E,6,45.16861111111111,9.584444444444445,49
OSPITALETTO,BS,17127,E,7,45.55638888888888,10.074444444444444,134
OSSAGO LODIGIANO,LO,98044,E,6,45.24527777777778,9.538055555555555,67
OSSIMO,BS,17128,F,-,45.94361111111111,10.235,259
OSSONA,MI,15164,E,5,45.506388888888885,8.901944444444444,149
OSTIANO,CR,19064,E,7,45.223333333333336,10.250833333333333,33
OSTIGLIA,MN,20038,E,7,45.066944444444445,11.133333333333333,12
OTTOBIANO,PV,18106,E,6,45.15416666666667,8.830555555555556,90
OZZERO,MI,15165,E,5,45.36694444444444,8.925833333333333,85
PADENGHE SUL GARDA,BS,17129,E,7,45.51,10.506944444444445,65
PADERNO DUGNANO,MI,15166,E,5,45.56638888888889,9.166111111111112,153
PADERNO FRANCIACORTA,BS,17130,E,7,45.58888888888889,10.077222222222222,155
PADERNO PONCHIELLI,CR,19065,E,7,45.24,9.9275,53
PAGAZZANO,BG,16154,E,5,45.53333333333333,9.671666666666667,119
PAGNONA,LC,97063,F,-,46.06111111111111,9.401111111111112,565
PAISCO LOVENO,BS,17131,F,-,46.080555555555556,10.292222222222222,506
PAISCO LOVENO,BS,17131,F,-,46.080555555555556,10.292222222222222,506
PAITONE,BS,17132,E,7,45.555,10.400833333333333,177
PAITONE,BS,17132,E,3,45.555,10.400833333333333,177
PALADINA,BG,16155,E,4,45.73111111111111,9.604444444444445,236
PALAZZAGO,BG,16156,E,4,45.75416666666667,9.535555555555556,267
PALAZZAGO,BG,16156,E,3,45.75416666666667,9.535555555555556,267
PALAZZO PIGNANO,CR,19066,E,6,45.394444444444446,9.593611111111112,80
PALESTRO,PV,18107,E,6,45.30277777777778,8.533333333333333,110
PALOSCO,BG,16157,E,7,45.584722222222226,9.835,140
PALOSCO,BG,16157,E,5,45.584722222222226,9.835,140
PANCARANA,PV,18108,E,6,45.07666666666667,9.051388888888889,65
PANDINO,CR,19067,E,6,45.405277777777776,9.5525,80
PANTIGLIATE,MI,15167,E,5,45.44194444444444,9.354722222222222,100
PARABIAGO,MI,15168,E,5,45.559444444444445,8.949444444444445,166
PARATICO,BS,17134,E,7,45.65833333333333,9.955277777777777,185
PARATICO,BS,17134,E,4,45.65833333333333,9.955277777777777,185
PARLASCO,LC,97064,F,-,46.01972222222222,9.344444444444445,350
PARONA,PV,18109,E,6,45.28527777777778,8.751666666666667,108
PARRE,BG,16158,E,3,45.87916666666667,9.891666666666666,470
PARZANICA,BG,16159,F,-,45.73861111111111,10.033888888888889,185
PARZANICA,BG,16159,F,-,45.73861111111111,10.033888888888889,185
PASPARDO,BS,17135,F,-,46.032777777777774,10.369444444444445,390
PASSIRANO,BS,17136,E,7,45.602222222222224,10.059722222222224,157
PASTURO,LC,97065,E,2,45.952222222222225,9.444166666666668,566
PAULLO,MI,15169,E,5,45.41777777777777,9.400555555555556,92
PAVIA,PV,18110,E,6,45.18694444444444,9.154722222222222,59
PAVONE DEL MELLA,BS,17137,E,7,45.30166666666666,10.206666666666665,39
PEDESINA,SO,14047,F,-,46.083333333333336,9.549166666666666,662
PEDESINA,SO,14047,F,-,46.083333333333336,9.549166666666666,662
PEDRENGO,BG,16160,E,4,45.70138888888889,9.732222222222223,247
PEGLIO,CO,13178,E,2,46.1625,9.293333333333333,500
PEGOGNAGA,MN,20039,E,7,44.99611111111111,10.858611111111111,16
PEIA,BG,16161,E,3,45.80222222222222,9.899444444444445,470
PERLEDO,LC,97067,E,2,46.014722222222225,9.295833333333333,199
PERO,MI,15170,E,5,45.513888888888886,9.083055555555555,140
PERSICO DOSIMO,CR,19068,E,7,45.18527777777778,10.104722222222222,44
PERTICA ALTA,BS,17139,F,-,45.744166666666665,10.345,386
PERTICA BASSA,BS,17140,E,3,45.755833333333335,10.373333333333333,372
PESCAROLO ED UNITI,CR,19069,E,7,45.19472222222222,10.188055555555556,40
PESCATE,LC,97068,E,4,45.84305555555556,9.396944444444443,198
PESCHIERA BORROMEO,MI,15171,E,5,45.4325,9.31388888888889,93
PESSANO CON BORNAGO,MI,15172,E,5,45.552499999999995,9.384166666666665,142
PESSINA CREMONESE,CR,19070,E,7,45.18472222222222,10.248055555555554,31
PEZZAZE,BS,17141,F,-,45.77722222222222,10.23861111111111,484
PIAN CAMUNO,BS,17142,E,3,45.84527777777778,10.156666666666666,190
PIANCOGNO,BS,17206,E,3,45.919999999999995,10.220277777777778,231
PIANELLO DEL LARIO,CO,13183,E,2,46.103611111111114,9.27638888888889,199
PIANENGO,CR,19072,E,6,45.400555555555556,9.695,81
PIANICO,BG,16162,E,3,45.81194444444444,10.045555555555556,240
PIANTEDO,SO,14048,E,2,46.135555555555555,9.431111111111111,199
PIANTEDO,SO,14048,E,1,46.135555555555555,9.431111111111111,199
PIARIO,BG,16163,E,3,45.89805555555556,9.92611111111111,490
PIATEDA,SO,14049,F,-,46.160555555555554,9.938611111111111,295
PIAZZA BREMBANA,BG,16164,E,3,45.950833333333335,9.67361111111111,475
PIAZZATORRE,BG,16165,F,-,45.992222222222225,9.681666666666667,650
PIAZZOLO,BG,16166,F,-,45.98111111111111,9.671666666666667,522
PIERANICA,CR,19073,E,6,45.426944444444445,9.61111111111111,88
PIEVE ALBIGNOLA,PV,18112,E,6,45.11333333333334,8.959444444444443,69
PIEVE DEL CAIRO,PV,18113,E,6,45.049166666666665,8.804166666666667,72
PIEVE EMANUELE,MI,15173,E,6,45.358333333333334,9.202222222222222,90
PIEVE EMANUELE,MI,15173,E,5,45.358333333333334,9.202222222222222,90
PIEVE FISSIRAGA,LO,98045,E,6,45.26583333333333,9.458055555555555,73
PIEVE PORTO MORONE,PV,18114,E,6,45.11138888888889,9.436944444444444,51
PIEVE SAN GIACOMO,CR,19075,E,7,45.12777777777778,10.186944444444444,33
PIGRA,CO,13184,F,-,45.958333333333336,9.126944444444446,485
PINAROLO PO,PV,18115,E,6,45.07083333333334,9.167777777777777,62
PIOLTELLO,MI,15175,E,5,45.50277777777778,9.32638888888889,109
PISOGNE,BS,17143,E,3,45.80444444444444,10.11,185
PIUBEGA,MN,20041,E,7,45.22944444444445,10.534166666666666,33
PIURO,SO,14050,E,1,46.32916666666667,9.419722222222221,370
PIZZALE,PV,18116,E,6,45.03777777777778,9.04861111111111,70
PIZZIGHETTONE,CR,19076,E,6,45.18861111111111,9.782222222222224,39
PLESIO,CO,13185,E,2,46.045833333333334,9.226944444444445,275
POGGIO RUSCO,MN,20042,E,7,44.98027777777778,11.122222222222224,10
POGGIRIDENTI,SO,14051,F,-,46.177499999999995,9.926666666666666,288
POGLIANO MILANESE,MI,15176,E,5,45.53805555555555,8.990555555555554,160
POGNANA LARIO,CO,13186,E,2,45.87888888888889,9.158333333333333,199
POGNANO,BG,16167,E,5,45.586666666666666,9.64111111111111,149
POLAVENO,BS,17144,F,-,45.6625,10.127222222222223,360
POLAVENO,BS,17144,F,-,45.6625,10.127222222222223,360
POLPENAZZE DEL GARDA,BS,17145,E,7,45.55222222222222,10.506944444444445,115
POMPIANO,BS,17146,E,7,45.4325,9.989444444444443,77
POMPONESCO,MN,20043,E,7,44.92861111111111,10.59138888888889,20
PONCARALE,BS,17147,E,7,45.46138888888889,10.174166666666666,84
PONNA,CO,13187,F,-,45.99166666666667,9.095,430
PONTE DI LEGNO,BS,17148,F,-,46.26166666666666,10.511388888888888,1200
PONTE DI LEGNO,BS,17148,F,-,46.26166666666666,10.511388888888888,1200
PONTE IN VALTELLINA,SO,14052,E,3,46.17916666666667,9.978333333333333,324
PONTE IN VALTELLINA,SO,14052,E,1,46.17916666666667,9.978333333333333,324
PONTE LAMBRO,CO,13188,E,4,45.83083333333334,9.226666666666667,290
PONTE LAMBRO,CO,13188,E,2,45.83083333333334,9.226666666666667,290
PONTE NIZZA,PV,18117,E,8,44.8525,9.099166666666667,251
PONTE NOSSA,BG,16168,E,3,45.86666666666667,9.881666666666668,438
PONTE SAN PIETRO,BG,16170,E,4,45.69916666666666,9.591111111111111,201
PONTERANICA,BG,16169,E,4,45.73888888888889,9.670555555555556,291
PONTERANICA,BG,16169,E,3,45.73888888888889,9.670555555555556,291
PONTEVICO,BS,17149,E,7,45.27027777777778,10.087777777777779,38
PONTI SUL MINCIO,MN,20044,E,7,45.41361111111111,10.688055555555556,63
PONTIDA,BG,16171,E,4,45.73305555555556,9.502777777777778,197
PONTIROLO NUOVO,BG,16172,E,5,45.57,9.567222222222222,132
PONTOGLIO,BS,17150,E,7,45.57,9.853055555555555,131
PONTOGLIO,BS,17150,E,5,45.57,9.853055555555555,131
PORLEZZA,CO,13189,E,2,46.03861111111111,9.120277777777778,271
PORTALBERA,PV,18118,E,6,45.10305555555556,9.32,58
PORTO CERESIO,VA,12113,E,2,45.903888888888886,8.905000000000001,271
PORTO MANTOVANO,MN,20045,E,7,45.190555555555555,10.79138888888889,18
PORTO VALTRAVAGLIA,VA,12114,E,2,45.963055555555556,8.682222222222222,193
POSTALESIO,SO,14053,F,-,46.17638888888889,9.776111111111112,275
POZZAGLIO ED UNITI,CR,19077,E,7,45.20166666666667,10.046111111111111,47
POZZOLENGO,BS,17151,E,7,45.404444444444444,10.62861111111111,75
POZZUOLO MARTESANA,MI,15178,E,5,45.514722222222225,9.45111111111111,110
PRADALUNGA,BG,16173,E,4,45.75055555555556,9.787777777777778,299
PRADALUNGA,BG,16173,E,3,45.75055555555556,9.787777777777778,299
PRALBOINO,BS,17152,E,7,45.2675,10.217777777777778,35
PRATA CAMPORTACCIO,SO,14054,E,1,46.30916666666666,9.396944444444443,207
PREDORE,BG,16174,E,7,45.683055555555555,10.020277777777778,185
PREDORE,BG,16174,E,4,45.683055555555555,10.020277777777778,185
PREGNANA MILANESE,MI,15179,E,5,45.51861111111111,9.008611111111112,148
PREMANA,LC,97069,F,-,46.05333333333333,9.424722222222222,700
PREMOLO,BG,16175,E,3,45.87111111111111,9.875,500
PRESEGLIE,BS,17153,E,3,45.66722222222222,10.392777777777777,294
PRESEZZO,BG,16176,E,4,45.69333333333333,9.567777777777778,233
PREVALLE,BS,17155,E,7,45.54666666666667,10.414722222222222,162
PRIMALUNA,LC,97070,E,2,45.988055555555555,9.429444444444444,476
PROSERPIO,CO,13192,E,4,45.82916666666667,9.244444444444444,375
PROVAGLIO VAL SABBIA,BS,17157,F,-,45.68861111111111,10.43888888888889,316
PUEGNAGO SUL GARDA,BS,17158,E,7,45.57194444444445,10.511666666666667,130
PUMENENGO,BG,16177,E,7,45.48111111111111,9.86888888888889,91
PUMENENGO,BG,16177,E,5,45.48111111111111,9.86888888888889,91
PUSIANO,CO,13193,E,4,45.816111111111105,9.281944444444445,258
QUINGENTOLE,MN,20046,E,7,45.038888888888884,11.045277777777777,14
QUINTANO,CR,19078,E,6,45.421388888888885,9.620000000000001,87
QUISTELLO,MN,20047,E,7,45.00944444444445,10.981111111111112,14
RANCIO VALCUVIA,VA,12115,E,2,45.91777777777777,8.770833333333334,252
RANCO,VA,12116,E,4,45.79833333333333,8.570833333333333,193
RANICA,BG,16178,E,4,45.72916666666667,9.716111111111111,256
RANICA,BG,16178,E,3,45.72916666666667,9.716111111111111,256
RANZANICO,BG,16179,E,3,45.79111111111111,9.936388888888889,337
RASURA,SO,14055,F,-,46.10277777777778,9.55388888888889,450
REA,PV,18119,E,6,45.11805555555556,9.155000000000001,61
REDAVALLE,PV,18120,E,8,45.03805555555555,9.203888888888889,66
REDAVALLE,PV,18120,E,6,45.03805555555555,9.203888888888889,66
REDONDESCO,MN,20048,E,7,45.16916666666666,10.51388888888889,27
REMEDELLO,BS,17160,E,7,45.279444444444444,10.373888888888889,40
RESCALDINA,MI,15181,E,5,45.61638888888889,8.950833333333332,212
RETORBIDO,PV,18121,E,8,44.95027777777778,9.036944444444444,112
RETORBIDO,PV,18121,E,6,44.95027777777778,9.036944444444444,112
REZZAGO,CO,13195,E,2,45.86888888888889,9.249722222222221,487
REZZATO,BS,17161,E,7,45.51583333333333,10.317499999999999,128
RHO,MI,15182,E,5,45.532222222222224,9.040555555555555,141
RICENGO,CR,19079,E,6,45.4075,9.72638888888889,80
RIPALTA ARPINA,CR,19080,E,6,45.30333333333333,9.727500000000001,46
RIPALTA CREMASCA,CR,19081,E,6,45.33444444444444,9.693888888888889,64
RIPALTA GUERINA,CR,19082,E,6,45.30777777777777,9.704444444444444,62
RIVA DI SOLTO,BG,16180,E,3,45.77583333333333,10.040833333333333,185
RIVAROLO DEL RE ED UNITI,CR,19083,E,7,45.03,10.471388888888889,19
RIVAROLO MANTOVANO,MN,20050,E,7,45.07166666666667,10.43388888888889,21
ROBBIATE,LC,97071,E,4,45.69194444444444,9.441666666666666,195
ROBBIO,PV,18123,E,6,45.29361111111111,8.598055555555556,114
ROBECCHETTO CON INDUNO,MI,15183,E,5,45.53361111111111,8.766111111111112,126
ROBECCO PAVESE,PV,18124,E,6,45.0475,9.148888888888889,66
ROBECCO SUL NAVIGLIO,MI,15184,E,5,45.4375,8.88888888888889,100
ROCCA SUSELLA,PV,18126,F,-,44.91361111111111,9.096944444444444,186
ROCCAFRANCA,BS,17162,E,7,45.46472222222223,9.9125,82
ROCCAFRANCA,BS,17162,E,6,45.46472222222223,9.9125,82
ROCCAFRANCA,BS,17162,E,5,45.46472222222223,9.9125,82
RODANO,MI,15185,E,5,45.48083333333334,9.353333333333333,107
RODERO,CO,13197,E,4,45.82416666666667,8.913611111111111,325
RODIGO,MN,20051,E,7,45.20055555555556,10.625277777777779,18
ROGENO,LC,97072,E,4,45.782777777777774,9.275833333333335,243
ROGNANO,PV,18127,E,6,45.29055555555556,9.089444444444444,94
ROGNO,BG,16182,E,3,45.85944444444445,10.134722222222221,192
ROGOLO,SO,14056,F,-,46.136944444444445,9.488055555555555,205
ROMAGNESE,PV,18128,F,-,44.839444444444446,9.329166666666666,475
ROMANENGO,CR,19086,E,6,45.37861111111111,9.785833333333333,75
ROMANO DI LOMBARDIA,BG,16183,E,5,45.52111111111111,9.75611111111111,110
RONCADELLE,BS,17165,E,7,45.52833333333333,10.149722222222222,114
RONCARO,PV,18129,E,6,45.23027777777778,9.275,73
RONCOBELLO,BG,16184,F,-,45.9575,9.741388888888888,525
RONCOFERRARO,MN,20052,E,7,45.135555555555555,10.954444444444444,15
RONCOLA,BG,16185,F,-,45.777499999999996,9.557500000000001,530
ROSASCO,PV,18130,E,6,45.251666666666665,8.581666666666667,105
ROSATE,MI,15188,E,5,45.35166666666667,9.018055555555556,100
ROVATO,BS,17166,E,7,45.56888888888889,10.0,132
ROVELLASCA,CO,13201,E,4,45.669999999999995,9.051944444444445,235
ROVELLO PORRO,CO,13202,E,4,45.653055555555554,9.040277777777778,225
ROVERBELLA,MN,20053,E,7,45.26722222222222,10.770000000000001,28
ROVESCALA,PV,18131,E,8,45.015277777777776,9.35,135
ROVETTA,BG,16187,F,-,45.89333333333333,9.988333333333333,500
ROZZANO,MI,15189,E,5,45.37694444444445,9.146388888888888,97
RUDIANO,BS,17167,E,7,45.48833333333334,9.884444444444444,95
RUDIANO,BS,17167,E,5,45.48833333333334,9.884444444444444,95
SABBIO CHIESE,BS,17168,E,7,45.656666666666666,10.42,256
SABBIO CHIESE,BS,17168,E,3,45.656666666666666,10.42,256
SABBIONETA,MN,20054,E,7,44.998333333333335,10.491944444444444,18
SALA COMACINA,CO,13203,E,2,45.96555555555556,9.166666666666666,199
SALE MARASINO,BS,17169,E,3,45.7175,10.111666666666666,185
SALERANO SUL LAMBRO,LO,98046,E,6,45.29861111111111,9.385,72
SALERANO SUL LAMBRO,LO,98046,E,5,45.29861111111111,9.385,72
SALTRIO,VA,12117,E,4,45.874722222222225,8.924166666666666,445
SALVIROLA,CR,19087,E,6,45.35583333333334,9.780833333333334,74
SAMARATE,VA,12118,E,5,45.62916666666667,8.785277777777777,210
SAMARATE,VA,12118,E,4,45.62916666666667,8.785277777777777,210
SAMOLACO,SO,14057,E,2,46.26083333333333,9.383888888888889,199
SAMOLACO,SO,14057,E,1,46.26083333333333,9.383888888888889,199
SAN BARTOLOMEO VAL CAVARGNA,CO,13204,F,-,46.084722222222226,9.144166666666667,585
SAN BASSANO,CR,19088,E,6,45.24611111111111,9.809166666666668,49
SAN BENEDETTO PO,MN,20055,E,7,45.0425,10.929444444444444,15
SAN CIPRIANO PO,PV,18133,E,6,45.109722222222224,9.28277777777778,57
SAN COLOMBANO AL LAMBRO,MI,15191,E,6,45.18333333333333,9.48861111111111,57
SAN DAMIANO AL COLLE,PV,18134,E,8,45.02611111111111,9.345833333333333,100
SAN DANIELE PO,CR,19089,E,7,45.068333333333335,10.174166666666666,29
SAN DONATO MILANESE,MI,15192,E,5,45.4175,9.263055555555555,93
SAN FELICE DEL BENACO,BS,17171,E,7,45.58638888888889,10.547777777777778,65
SAN FERMO DELLA BATTAGLIA,CO,13206,E,4,45.80916666666666,9.04861111111111,315
SAN FIORANO,LO,98047,E,6,45.138888888888886,9.7225,45
SAN GENESIO ED UNITI,PV,18135,E,6,45.237500000000004,9.177222222222222,84
SAN GERVASIO BRESCIANO,BS,17172,E,7,45.30694444444444,10.14861111111111,52
SAN GIACOMO DELLE SEGNATE,MN,20056,E,7,44.972500000000004,11.03361111111111,14
SAN GIACOMO FILIPPO,SO,14058,F,-,46.33777777777778,9.371111111111112,375
SAN GIORGIO DI LOMELLINA,PV,18136,E,6,45.17638888888889,8.7925,94
SAN GIORGIO SU LEGNANO,MI,15194,E,5,45.57611111111112,8.913611111111111,189
SAN GIOVANNI BIANCO,BG,16188,E,3,45.8775,9.653333333333334,350
SAN GIOVANNI DEL DOSSO,MN,20058,E,7,44.968611111111116,11.080555555555556,13
SAN GIOVANNI IN CROCE,CR,19090,E,7,45.07916666666667,10.374166666666667,25
SAN GIULIANO MILANESE,MI,15195,E,5,45.394444444444446,9.285833333333333,80
SAN MARTINO DEL LAGO,CR,19091,E,7,45.07222222222222,10.315000000000001,27
SAN MARTINO IN STRADA,LO,98048,E,6,45.27361111111111,9.529444444444445,64
SAN MARTINO SICCOMARIO,PV,18137,E,6,45.16027777777778,9.1375,60
SAN NAZZARO VAL CAVARGNA,CO,13207,F,-,46.09,9.13361111111111,660
SAN PAOLO,BS,17138,E,7,45.370555555555555,10.02888888888889,69
SAN PELLEGRINO TERME,BG,16190,E,3,45.83916666666667,9.664166666666667,336
SAN ROCCO AL PORTO,LO,98049,E,6,45.083333333333336,9.693888888888889,43
SAN VITTORE OLONA,MI,15201,E,5,45.58638888888889,8.944722222222222,183
SAN ZENO NAVIGLIO,BS,17173,E,7,45.49194444444444,10.2175,99
SAN ZENONE AL LAMBRO,MI,15202,E,5,45.32666666666667,9.356944444444444,77
SAN ZENONE AL PO,PV,18145,E,6,45.11027777777778,9.362499999999999,56
SANGIANO,VA,12141,E,4,45.876666666666665,8.631388888888889,222
SANTA BRIGIDA,BG,16191,F,-,45.983333333333334,9.625277777777779,555
SANTA BRIGIDA,BG,16191,F,-,45.983333333333334,9.625277777777779,555
SANTA CRISTINA E BISSONE,PV,18139,E,6,45.15861111111111,9.399444444444445,53
SANTA GIULETTA,PV,18140,E,8,45.034166666666664,9.181944444444444,66
SANTA GIULETTA,PV,18140,E,6,45.034166666666664,9.181944444444444,66
SANTA MARGHERITA DI STAFFORA,PV,18142,F,-,44.7725,9.241944444444444,500
SANTA MARIA DELLA VERSA,PV,18143,E,8,44.98694444444445,9.299722222222222,145
SANTO STEFANO LODIGIANO,LO,98051,E,6,45.121944444444445,9.736388888888888,42
SANTO STEFANO TICINO,MI,15200,E,5,45.49,8.920555555555556,145
SAREZZO,BS,17174,E,3,45.653888888888886,10.204444444444444,245
SARNICO,BG,16193,E,7,45.669999999999995,9.956388888888888,185
SARNICO,BG,16193,E,4,45.669999999999995,9.956388888888888,185
SARNICO,BG,16193,E,3,45.669999999999995,9.956388888888888,185
SARONNO,VA,12119,E,5,45.62861111111111,9.038055555555555,199
SARONNO,VA,12119,E,4,45.62861111111111,9.038055555555555,199
SARTIRANA LOMELLINA,PV,18146,E,6,45.115833333333335,8.664722222222222,91
SCALDASOLE,PV,18147,E,6,45.12694444444445,8.910555555555556,86
SCANDOLARA RAVARA,CR,19092,E,7,45.055277777777775,10.301666666666668,26
SCANZOROSCIATE,BG,16194,E,4,45.71361111111111,9.735277777777776,256
SCANZOROSCIATE,BG,16194,E,3,45.71361111111111,9.735277777777776,256
SCHIGNANO,CO,13211,E,2,45.92833333333333,9.101666666666667,284
SCHILPARIO,BG,16195,F,-,46.01027777777778,10.154166666666667,860
SCHILPARIO,BG,16195,F,-,46.01027777777778,10.154166666666667,860
SCHIVENOGLIA,MN,20060,E,7,44.99777777777778,11.071944444444444,12
SECUGNAGO,LO,98052,E,6,45.233333333333334,9.592500000000001,66
SEDRIANO,MI,15204,E,5,45.490833333333335,8.968333333333334,135
SEDRINA,BG,16196,E,4,45.785,9.62861111111111,268
SEDRINA,BG,16196,E,3,45.785,9.62861111111111,268
SEGRATE,MI,15205,E,5,45.49138888888889,9.294722222222221,107
SELLERO,BS,17176,E,3,46.059444444444445,10.343611111111112,374
SELVINO,BG,16197,F,-,45.78638888888889,9.758055555555556,570
SEMIANA,PV,18148,E,6,45.138333333333335,8.730555555555556,94
SENAGO,MI,15206,E,5,45.578611111111115,9.1175,157
SENIGA,BS,17177,E,7,45.24333333333333,10.17861111111111,35
SENNA COMASCO,CO,13212,E,4,45.76444444444444,9.110555555555555,263
SENNA LODIGIANA,LO,98053,E,6,45.14944444444444,9.592500000000001,47
SERGNANO,CR,19094,E,6,45.42861111111111,9.705277777777777,83
SERGNANO,CR,19094,E,5,45.42861111111111,9.705277777777777,83
SERIATE,BG,16198,E,5,45.68722222222222,9.721666666666668,196
SERIATE,BG,16198,E,4,45.68722222222222,9.721666666666668,196
SERINA,BG,16199,F,-,45.87444444444444,9.730555555555556,586
SERLE,BS,17178,E,7,45.565555555555555,10.370833333333334,208
SERLE,BS,17178,E,3,45.565555555555555,10.370833333333334,208
SERNIO,SO,14059,F,-,46.228611111111114,10.201666666666666,470
SERNIO,SO,14059,F,-,46.228611111111114,10.201666666666666,470
SERNIO,SO,14059,F,-,46.228611111111114,10.201666666666666,470
SERRAVALLE A PO,MN,20062,E,7,45.07277777777778,11.097222222222223,13
SESTO CALENDE,VA,12120,E,4,45.72805555555556,8.635277777777777,193
SESTO ED UNITI,CR,19095,E,7,45.17833333333333,9.914444444444445,40
SESTO ED UNITI,CR,19095,E,6,45.17833333333333,9.914444444444445,40
SESTO SAN GIOVANNI,MI,15209,E,5,45.53666666666666,9.23861111111111,130
SETTALA,MI,15210,E,5,45.45777777777778,9.391944444444444,97
SETTIMO MILANESE,MI,15211,E,5,45.48083333333334,9.054722222222223,125
SILVANO PIETRA,PV,18149,E,6,45.041666666666664,8.949166666666667,68
SIRMIONE,BS,17179,E,7,45.49444444444445,10.608333333333333,65
SIRONE,LC,97075,E,4,45.77361111111111,9.321666666666667,265
SIRTORI,LC,97076,E,4,45.73722222222222,9.3325,303
SIZIANO,PV,18150,E,6,45.32194444444445,9.20111111111111,87
SIZIANO,PV,18150,E,5,45.32194444444445,9.20111111111111,87
SOIANO DEL LAGO,BS,17180,E,7,45.54055555555556,10.51361111111111,123
SOLARO,MI,15213,E,5,45.617222222222225,9.079444444444444,201
SOLARO,MI,15213,E,4,45.617222222222225,9.079444444444444,201
SOLAROLO RAINERIO,CR,19096,E,7,45.0825,10.357777777777777,26
SOLBIATE ARNO,VA,12121,E,4,45.72027777777778,8.814722222222223,285
SOLBIATE OLONA,VA,12122,E,4,45.65222222222222,8.889166666666666,217
SOLFERINO,MN,20063,E,7,45.36972222222222,10.566666666666666,88
SOLTO COLLINA,BG,16200,E,3,45.785555555555554,10.027500000000002,185
SOLZA,BG,16251,E,4,45.678888888888885,9.489166666666666,200
SOMAGLIA,LO,98054,E,6,45.14833333333333,9.63888888888889,44
SOMMA LOMBARDO,VA,12123,E,4,45.684999999999995,8.706944444444444,175
SOMMO,PV,18151,E,6,45.13,9.082222222222223,61
SONCINO,CR,19097,E,7,45.400555555555556,9.874722222222223,52
SONCINO,CR,19097,E,6,45.400555555555556,9.874722222222223,52
SONCINO,CR,19097,E,5,45.400555555555556,9.874722222222223,52
SONDALO,SO,14060,F,-,46.33305555555556,10.3275,725
SONDALO,SO,14060,F,-,46.33305555555556,10.3275,725
SONDRIO,SO,14061,E,1,46.17388888888889,9.871944444444445,285
SONGAVAZZO,BG,16201,E,3,45.8825,9.990277777777777,600
SONICO,BS,17181,F,-,46.16888888888889,10.35361111111111,522
SORDIO,LO,98055,E,6,45.34277777777778,9.370555555555557,84
SORDIO,LO,98055,E,5,45.34277777777778,9.370555555555557,84
SORESINA,CR,19098,E,7,45.28944444444444,9.855555555555556,62
SORESINA,CR,19098,E,6,45.28944444444444,9.855555555555556,62
SORICO,CO,13216,E,2,46.174166666666665,9.379166666666666,198
SORISOLE,BG,16202,E,4,45.746944444444445,9.663055555555555,286
SORISOLE,BG,16202,E,3,45.746944444444445,9.663055555555555,286
SORMANO,CO,13217,E,2,45.879444444444445,9.249166666666666,650
SOSPIRO,CR,19099,E,7,45.10638888888889,10.158055555555556,32
SOTTO IL MONTE GIOVANNI XXIII,BG,16203,E,4,45.70916666666667,9.501944444444444,232
SOVERE,BG,16204,E,3,45.82416666666667,10.022222222222224,280
SPESSA,PV,18152,E,6,45.114444444444445,9.347222222222223,56
SPINADESCO,CR,19100,E,6,45.151944444444446,9.929444444444444,37
SPINEDA,CR,19101,E,7,45.06166666666666,10.515,20
SPINONE AL LAGO,BG,16205,E,3,45.76611111111111,9.923055555555555,337
SPIRANO,BG,16206,E,5,45.58305555555556,9.669166666666666,140
SPRIANA,SO,14062,F,-,46.22166666666667,9.865833333333333,550
STAGNO LOMBARDO,CR,19103,E,7,45.07361111111111,10.089166666666667,31
STAZZONA,CO,13218,E,2,46.14055555555556,9.275277777777779,278
STEZZANO,BG,16207,E,4,45.65138888888889,9.653333333333334,190
STRADELLA,PV,18153,E,8,45.078611111111115,9.29861111111111,58
STRADELLA,PV,18153,E,6,45.078611111111115,9.29861111111111,58
STROZZA,BG,16208,E,4,45.77638888888889,9.578055555555554,270
STROZZA,BG,16208,E,3,45.77638888888889,9.578055555555554,270
SUARDI,PV,18154,E,6,45.03583333333333,8.741944444444444,76
SUEGLIO,LC,97077,F,-,46.088055555555556,9.332222222222223,343
SUELLO,LC,97078,E,4,45.82083333333334,9.31,224
SUISIO,BG,16209,E,4,45.656388888888884,9.500277777777777,150
SULZANO,BS,17182,E,7,45.69,10.100833333333332,185
SULZANO,BS,17182,E,3,45.69,10.100833333333332,185
SUMIRAGO,VA,12124,E,4,45.74166666666667,8.780833333333334,274
SUSTINENTE,MN,20064,E,7,45.07055555555556,11.021666666666668,14
SUZZARA,MN,20065,E,7,44.99111111111111,10.74472222222222,17
TACENO,LC,97079,E,2,46.025555555555556,9.364722222222222,383
TAINO,VA,12125,E,4,45.764722222222225,8.615833333333333,207
TALAMONA,SO,14063,F,-,46.13972222222222,9.61361111111111,233
TALEGGIO,BG,16210,F,-,45.89416666666666,9.568888888888889,470
TARTANO,SO,14064,F,-,46.109722222222224,9.679166666666665,270
TARTANO,SO,14064,F,-,46.109722222222224,9.679166666666665,270
TAVAZZANO CON VILLAVESCO,LO,98056,E,6,45.33083333333334,9.405000000000001,73
TAVAZZANO CON VILLAVESCO,LO,98056,E,5,45.33083333333334,9.405000000000001,73
TAVERNERIO,CO,13222,E,4,45.80361111111111,9.14861111111111,323
TAVERNERIO,CO,13222,E,2,45.80361111111111,9.14861111111111,323
TAVERNOLA BERGAMASCA,BG,16211,E,7,45.711666666666666,10.046388888888888,185
TAVERNOLA BERGAMASCA,BG,16211,E,4,45.711666666666666,10.046388888888888,185
TAVERNOLE SUL MELLA,BS,17183,E,3,45.74916666666667,10.241666666666665,450
TEGLIO,SO,14065,F,-,46.174166666666665,10.065833333333334,352
TEGLIO,SO,14065,F,-,46.174166666666665,10.065833333333334,352
TELGATE,BG,16212,E,7,45.62722222222222,9.854444444444445,170
TELGATE,BG,16212,E,5,45.62722222222222,9.854444444444445,170
TELGATE,BG,16212,E,4,45.62722222222222,9.854444444444445,170
TERNATE,VA,12126,E,4,45.78472222222222,8.691666666666666,239
TERRANOVA DEI PASSERINI,LO,98057,E,6,45.2175,9.663055555555555,59
TICENGO,CR,19104,E,6,45.370555555555555,9.828055555555554,75
TIGNALE,BS,17185,F,-,45.736111111111114,10.721111111111112,65
TIRANO,SO,14066,E,9,46.217222222222226,10.1725,407
TIRANO,SO,14066,E,3,46.217222222222226,10.1725,407
TIRANO,SO,14066,E,1,46.217222222222226,10.1725,407
TORBOLE CASAGLIA,BS,17186,E,7,45.51277777777778,10.115555555555556,99
TORLINO VIMERCATI,CR,19105,E,6,45.419444444444444,9.596944444444444,83
TORNATA,CR,19106,E,7,45.10527777777778,10.430833333333332,27
TORNO,CO,13223,E,4,45.85861111111111,9.117222222222223,199
TORNO,CO,13223,E,2,45.85861111111111,9.117222222222223,199
TORRAZZA COSTE,PV,18155,E,8,44.978611111111114,9.088611111111112,90
TORRAZZA COSTE,PV,18155,E,6,44.978611111111114,9.088611111111112,90
TORRE BERETTI E CASTELLARO,PV,18156,E,6,45.06055555555555,8.670833333333333,83
TORRE BOLDONE,BG,16214,E,4,45.718611111111116,9.706666666666665,270
TORRE DI SANTA MARIA,SO,14067,F,-,46.23638888888889,9.851944444444444,460
TORRE PALLAVICINA,BG,16217,E,6,45.44166666666666,9.862777777777778,82
TORRE PALLAVICINA,BG,16217,E,5,45.44166666666666,9.862777777777778,82
TORREVECCHIA PIA,PV,18160,E,6,45.28472222222222,9.295555555555556,75
TORRICELLA DEL PIZZO,CR,19108,E,7,45.019999999999996,10.290277777777778,27
TORRICELLA VERZATE,PV,18161,E,6,45.020833333333336,9.176666666666666,78
TRADATE,VA,12127,E,4,45.716944444444444,8.905833333333334,274
TRAONA,SO,14069,E,1,46.151944444444446,9.525,206
TRAVAGLIATO,BS,17188,E,7,45.525,10.080277777777777,110
TRENZANO,BS,17190,E,7,45.47555555555556,10.013055555555555,98
TRESCORE BALNEARIO,BG,16218,E,4,45.69555555555555,9.844166666666668,235
TRESCORE CREMASCO,CR,19109,E,6,45.40361111111111,9.623888888888889,78
TRESIVIO,SO,14070,F,-,46.17583333333333,9.945277777777777,299
TREVIGLIO,BG,16219,E,5,45.52222222222222,9.593333333333334,115
TREVIOLO,BG,16220,E,4,45.67472222222222,9.611388888888888,180
TREVISO BRESCIANO,BS,17191,F,-,45.71333333333334,10.463055555555554,387
TREZZANO ROSA,MI,15219,E,5,45.58305555555556,9.487222222222222,160
TREZZANO ROSA,MI,15219,E,4,45.58305555555556,9.487222222222222,160
TREZZANO SUL NAVIGLIO,MI,15220,E,5,45.41888888888889,9.071388888888889,111
TREZZONE,CO,13226,E,2,46.172777777777775,9.35,250
TRIBIANO,MI,15222,E,5,45.413888888888884,9.38,90
TRIGOLO,CR,19110,E,6,45.33111111111111,9.813055555555556,59
TRIVOLZIO,PV,18163,E,6,45.26222222222222,9.044722222222221,94
TROMELLO,PV,18164,E,6,45.21194444444445,8.871666666666668,94
TRONZANO LAGO MAGGIORE,VA,12129,E,2,46.090833333333336,8.733888888888888,193
TROVO,PV,18165,E,6,45.28472222222222,9.035555555555556,97
TROVO,PV,18165,E,5,45.28472222222222,9.035555555555556,97
TRUCCAZZANO,MI,15224,E,5,45.48444444444444,9.467222222222222,91
TURANO LODIGIANO,LO,98058,E,6,45.251666666666665,9.625,52
TURATE,CO,13227,E,4,45.656666666666666,9.001666666666667,228
TURBIGO,MI,15226,E,5,45.530277777777776,8.736666666666666,129
UBIALE CLANEZZO,BG,16221,E,4,45.785,9.617777777777778,260
UBIALE CLANEZZO,BG,16221,E,3,45.785,9.617777777777778,260
UBOLDO,VA,12130,E,5,45.61361111111111,9.003055555555555,196
UBOLDO,VA,12130,E,4,45.61361111111111,9.003055555555555,196
URGNANO,BG,16222,E,5,45.59777777777778,9.695277777777777,155
VAIANO CREMASCO,CR,19111,E,6,45.37138888888889,9.589722222222223,74
VAILATE,CR,19112,E,6,45.46083333333333,9.60361111111111,95
VAL DI NIZZA,PV,18166,E,8,44.88,9.16638888888889,350
VAL MASINO,SO,14074,F,-,46.21555555555556,9.636666666666667,580
VAL REZZO,CO,13233,F,-,46.071111111111115,9.116111111111111,875
VALBONDIONE,BG,16223,F,-,46.03583333333333,10.006388888888889,750
VALBREMBO,BG,16224,E,4,45.715833333333336,9.609166666666667,221
VALBRONA,CO,13229,E,4,45.880833333333335,9.299444444444445,199
VALBRONA,CO,13229,E,2,45.880833333333335,9.299444444444445,199
VALDIDENTRO,SO,14071,F,-,46.490833333333335,10.295555555555556,1237
VALDISOTTO,SO,14072,F,-,46.42722222222222,10.355277777777777,994
VALEGGIO,PV,18167,E,6,45.151944444444446,8.863333333333333,90
VALERA FRATTA,LO,98059,E,6,45.259166666666665,9.331944444444444,75
VALFURVA,SO,14073,F,-,46.46055555555556,10.424999999999999,1270
VALFURVA,SO,14073,F,-,46.46055555555556,10.424999999999999,1270
VALGANNA,VA,12131,E,2,45.903888888888886,8.824722222222222,435
VALGOGLIO,BG,16225,F,-,45.97777777777778,9.911666666666667,746
VALGREGHENTINO,LC,97082,E,4,45.77055555555555,9.411944444444444,215
VALLE LOMELLINA,PV,18168,E,6,45.152499999999996,8.663611111111111,98
VALLE SALIMBENE,PV,18169,E,6,45.172777777777775,9.23472222222222,62
VALLEVE,BG,16226,F,-,46.02861111111111,9.744444444444444,1116
VALLEVE,BG,16226,F,-,46.02861111111111,9.744444444444444,1116
VALLIO TERME,BS,17193,E,7,45.61138888888889,10.391666666666666,255
VALLIO TERME,BS,17193,E,3,45.61138888888889,10.391666666666666,255
VALMADRERA,LC,97083,E,4,45.84916666666667,9.358888888888888,199
VALMADRERA,LC,97083,E,2,45.84916666666667,9.358888888888888,199
VALMOREA,CO,13232,F,-,45.81444444444444,8.928333333333333,328
VALNEGRA,BG,16227,E,3,45.950833333333335,9.692777777777778,497
VALSOLDA,CO,13234,E,2,46.026944444444446,9.054722222222223,271
VALTORTA,BG,16229,F,-,45.97916666666667,9.534444444444444,692
VALTORTA,BG,16229,F,-,45.97916666666667,9.534444444444444,692
VALVESTINO,BS,17194,F,-,45.76138888888889,10.596388888888889,450
VANZAGHELLO,MI,15249,E,5,45.57916666666667,8.78361111111111,186
VANZAGHELLO,MI,15249,E,4,45.57916666666667,8.78361111111111,186
VANZAGO,MI,15229,E,5,45.52861111111111,8.996666666666666,150
VARANO BORGHI,VA,12132,E,4,45.775277777777774,8.704444444444444,241
VARENNA,LC,97084,E,2,46.011944444444445,9.284722222222221,199
VARESE,VA,12133,E,4,45.82277777777778,8.832777777777778,238
VARESE,VA,12133,E,2,45.82277777777778,8.832777777777778,238
VARZI,PV,18171,E,8,44.825,9.197777777777778,345
VEDANO OLONA,VA,12134,E,4,45.776944444444446,8.881944444444445,279
VEDESETA,BG,16230,F,-,45.893055555555556,9.539444444444444,600
VELESO,CO,13236,F,-,45.910555555555554,9.181944444444444,525
VELEZZO LOMELLINA,PV,18172,E,6,45.163333333333334,8.737499999999999,93
VELLEZZO BELLINI,PV,18173,E,6,45.27194444444444,9.09888888888889,92
VENEGONO INFERIORE,VA,12136,E,4,45.73916666666667,8.901944444444444,300
VENEGONO SUPERIORE,VA,12137,E,4,45.75388888888889,8.904166666666667,315
VENIANO,CO,13238,E,4,45.71638888888889,8.984444444444444,294
VERCANA,CO,13239,E,2,46.16138888888889,9.33388888888889,199
VERCANA,CO,13239,E,1,46.16138888888889,9.33388888888889,199
VERCEIA,SO,14075,E,2,46.202222222222225,9.457777777777777,199
VERCEIA,SO,14075,E,1,46.202222222222225,9.457777777777777,199
VERCURAGO,LC,97086,E,4,45.814166666666665,9.424722222222222,198
VERDELLINO,BG,16232,E,5,45.60416666666667,9.615833333333333,161
VERDELLO,BG,16233,E,5,45.60722222222223,9.628333333333334,153
VERGIATE,VA,12138,E,4,45.725833333333334,8.693888888888889,243
VERNATE,MI,15236,E,6,45.31777777777778,9.060833333333335,100
VERNATE,MI,15236,E,5,45.31777777777778,9.060833333333335,100
VEROLANUOVA,BS,17195,E,7,45.32555555555556,10.078055555555554,53
VEROLAVECCHIA,BS,17196,E,7,45.330555555555556,10.051944444444445,42
VERRETTO,PV,18174,E,6,45.041666666666664,9.106944444444444,74
VERRUA PO,PV,18175,E,6,45.113055555555555,9.175833333333333,61
VERTEMATE CON MINOPRIO,CO,13242,E,4,45.72944444444445,9.0725,251
VERTOVA,BG,16234,E,3,45.81055555555555,9.851111111111111,380
VERVIO,SO,14076,F,-,46.25361111111111,10.236944444444443,507
VERVIO,SO,14076,F,-,46.25361111111111,10.236944444444443,507
VESCOVATO,CR,19113,E,7,45.176944444444445,10.165555555555557,39
VESTONE,BS,17197,E,3,45.711666666666666,10.405277777777778,304
VIADANA,MN,20066,E,7,44.92722222222222,10.521666666666668,18
VIADANICA,BG,16235,E,3,45.689166666666665,9.969166666666666,230
VIDIGULFO,PV,18176,E,6,45.29527777777778,9.233888888888888,80
VIDIGULFO,PV,18176,E,5,45.29527777777778,9.233888888888888,80
VIGANO SAN MARTINO,BG,16236,E,3,45.72972222222222,9.893888888888888,300
VIGEVANO,PV,18177,E,6,45.318333333333335,8.86,73
VIGNATE,MI,15237,E,5,45.49722222222222,9.376666666666667,114
VIGOLO,BG,16237,E,3,45.717777777777776,10.023888888888889,443
VILLA BISCOSSI,PV,18178,E,6,45.090833333333336,8.787777777777778,86
VILLA CARCINA,BS,17199,E,7,45.63388888888889,10.193055555555556,225
VILLA CARCINA,BS,17199,E,3,45.63388888888889,10.193055555555556,225
VILLA CORTESE,MI,15248,E,5,45.566944444444445,8.886944444444444,187
VILLA DI CHIAVENNA,SO,14077,F,-,46.33305555555556,9.484166666666665,508
VILLA DI SERIO,BG,16240,E,4,45.723055555555554,9.734444444444444,270
VILLA DI SERIO,BG,16240,E,3,45.723055555555554,9.734444444444444,270
VILLA DI TIRANO,SO,14078,E,3,46.205000000000005,10.130833333333333,381
VILLA DI TIRANO,SO,14078,E,1,46.205000000000005,10.130833333333333,381
VILLA GUARDIA,CO,13245,E,4,45.775,9.024722222222223,303
VILLACHIARA,BS,17200,E,7,45.35722222222223,9.932777777777778,51
VILLACHIARA,BS,17200,E,6,45.35722222222223,9.932777777777778,51
VILLANOVA DEL SILLARO,LO,98060,E,6,45.23777777777778,9.479722222222222,60
VILLANTERIO,PV,18180,E,6,45.22138888888889,9.360277777777778,73
VILLANUOVA SUL CLISI,BS,17201,E,7,45.60333333333333,10.455277777777777,203
VILLANUOVA SUL CLISI,BS,17201,E,3,45.60333333333333,10.455277777777777,203
VILLIMPENTA,MN,20068,E,7,45.14666666666667,11.031111111111112,15
VILLONGO,BG,16242,E,7,45.674166666666665,9.929444444444444,186
VILLONGO,BG,16242,E,4,45.674166666666665,9.929444444444444,186
VILLONGO,BG,16242,E,3,45.674166666666665,9.929444444444444,186
VILMINORE DI SCALVE,BG,16243,F,-,45.998333333333335,10.09388888888889,782
VILMINORE DI SCALVE,BG,16243,F,-,45.998333333333335,10.09388888888889,782
VIMODRONE,MI,15242,E,5,45.51583333333333,9.284444444444444,125
VIONE,BS,17202,F,-,46.24944444444444,10.448055555555555,1032
VISANO,BS,17203,E,7,45.318333333333335,10.369722222222222,48
VISTARINO,PV,18181,E,6,45.211111111111116,9.307777777777778,69
VITTUONE,MI,15243,E,5,45.486666666666665,8.955,135
VIZZOLA TICINO,VA,12140,E,4,45.63361111111111,8.672777777777776,157
VIZZOLO PREDABISSI,MI,15244,E,6,45.356944444444444,9.348055555555556,83
VIZZOLO PREDABISSI,MI,15244,E,5,45.356944444444444,9.348055555555556,83
VOBARNO,BS,17204,E,7,45.647777777777776,10.500555555555556,227
VOBARNO,BS,17204,E,3,45.647777777777776,10.500555555555556,227
VOGHERA,PV,18182,E,6,44.993611111111115,9.009722222222223,71
VOLONGO,CR,19114,E,7,45.21222222222222,10.3025,31
VOLPARA,PV,18183,E,8,44.95416666666667,9.2975,275
VOLTA MANTOVANA,MN,20070,E,7,45.32166666666667,10.66,42
VOLTIDO,CR,19115,E,7,45.111666666666665,10.334722222222222,29
ZANDOBBIO,BG,16244,E,4,45.691111111111105,9.854166666666666,240
ZANICA,BG,16245,E,5,45.64,9.684444444444445,183
ZAVATTARELLO,PV,18184,F,-,44.86972222222222,9.265555555555556,366
ZECCONE,PV,18185,E,6,45.263333333333335,9.197222222222223,85
ZELBIO,CO,13246,F,-,45.905833333333334,9.180833333333332,525
ZELO BUON PERSICO,LO,98061,E,6,45.41305555555555,9.431388888888888,74
ZEME,PV,18186,E,6,45.19916666666666,8.66861111111111,102
ZENEVREDO,PV,18187,E,8,45.05472222222222,9.325833333333334,82
ZENEVREDO,PV,18187,E,6,45.05472222222222,9.325833333333334,82
ZERBO,PV,18188,E,6,45.112500000000004,9.393611111111111,55
ZIBIDO SAN GIACOMO,MI,15247,E,5,45.361666666666665,9.106944444444444,98
ZINASCO,PV,18190,E,6,45.1225,9.001111111111111,66
ZOGNO,BG,16246,E,4,45.79555555555555,9.664166666666667,291
ZOGNO,BG,16246,E,3,45.79555555555555,9.664166666666667,291
ZONE,BS,17205,F,-,45.76416666666667,10.116666666666667,400
